stud_id,gpa1,gpa2,gpa3_DAP_AN,gpa3_DU_DOAN,Do_Lech_GPA,Hoc_Luc_DAP_AN,Hoc_Luc_DU_DOAN,Ket_Qua_Hoc_Luc
431,3.7,3.8,3.27,3.68,0.41,Giỏi,Xuất sắc,LỆCH
491,3.41,3.42,3.43,3.41,0.02,Giỏi,Giỏi,ĐÚNG
188,3.92,3.95,3.2,3.86,0.66,Xuất sắc,Xuất sắc,ĐÚNG
462,3.22,3.1,3.07,3.19,0.12,Khá,Khá,ĐÚNG
306,3.41,3.65,3.57,3.5,0.07,Giỏi,Giỏi,ĐÚNG
153,3.45,3.02,3.17,3.2,0.03,Giỏi,Giỏi,ĐÚNG
392,3.37,3.96,3.77,3.74,0.03,Xuất sắc,Xuất sắc,ĐÚNG
399,3.35,3.2,3.31,3.36,0.05,Giỏi,Giỏi,ĐÚNG
496,3.54,3.5,3.21,3.52,0.31,Giỏi,Giỏi,ĐÚNG
235,3.58,3.6,3.61,3.61,0.0,Xuất sắc,Giỏi,LỆCH
10,3.67,3.61,3.67,3.54,0.13,Xuất sắc,Xuất sắc,ĐÚNG
182,3.58,3.53,3.21,3.55,0.34,Giỏi,Giỏi,ĐÚNG
495,3.69,3.51,3.15,3.51,0.36,Giỏi,Giỏi,ĐÚNG
332,3.46,3.39,3.52,3.46,0.06,Giỏi,Giỏi,ĐÚNG
218,3.33,3.15,3.31,3.29,0.02,Giỏi,Giỏi,ĐÚNG
440,3.55,3.83,3.69,3.71,0.02,Xuất sắc,Xuất sắc,ĐÚNG
82,3.55,3.89,3.89,3.77,0.12,Xuất sắc,Xuất sắc,ĐÚNG
66,3.64,3.67,3.72,3.57,0.15,Xuất sắc,Xuất sắc,ĐÚNG
246,3.57,3.34,3.82,3.41,0.41,Giỏi,Giỏi,ĐÚNG
88,3.64,3.92,3.65,3.78,0.13,Xuất sắc,Xuất sắc,ĐÚNG
255,3.6,3.79,3.83,3.66,0.17,Xuất sắc,Xuất sắc,ĐÚNG
494,3.44,4.0,3.91,3.77,0.14,Xuất sắc,Xuất sắc,ĐÚNG
290,3.83,4.0,3.64,3.86,0.22,Xuất sắc,Xuất sắc,ĐÚNG
479,3.32,3.68,3.78,3.51,0.27,Xuất sắc,Giỏi,LỆCH
94,3.43,3.39,3.42,3.44,0.02,Giỏi,Giỏi,ĐÚNG
158,3.57,3.88,3.81,3.74,0.07,Xuất sắc,Xuất sắc,ĐÚNG
492,3.63,3.72,3.52,3.6,0.08,Xuất sắc,Xuất sắc,ĐÚNG
486,3.18,3.62,3.19,3.48,0.29,Giỏi,Giỏi,ĐÚNG
56,3.49,3.64,3.7,3.6,0.1,Xuất sắc,Xuất sắc,ĐÚNG
35,3.94,3.72,3.78,3.67,0.11,Xuất sắc,Xuất sắc,ĐÚNG
38,3.7,3.39,3.76,3.4,0.36,Xuất sắc,Xuất sắc,ĐÚNG
477,3.46,3.64,3.66,3.49,0.17,Xuất sắc,Giỏi,LỆCH
454,3.88,0.0,3.86,3.12,0.74,Xuất sắc,Giỏi,LỆCH
57,3.79,3.94,3.87,3.83,0.04,Xuất sắc,Xuất sắc,ĐÚNG
1,3.7,3.83,3.47,3.67,0.2,Xuất sắc,Xuất sắc,ĐÚNG
12,3.27,3.64,3.61,3.5,0.11,Giỏi,Giỏi,ĐÚNG
107,3.54,4.0,3.64,3.81,0.17,Xuất sắc,Xuất sắc,ĐÚNG
120,3.4,3.75,3.72,3.58,0.14,Xuất sắc,Xuất sắc,ĐÚNG
371,3.39,3.84,3.57,3.65,0.08,Giỏi,Giỏi,ĐÚNG
403,3.52,3.95,4.0,3.79,0.21,Xuất sắc,Xuất sắc,ĐÚNG
136,3.31,3.33,3.74,3.41,0.33,Giỏi,Giỏi,ĐÚNG
229,3.55,3.84,3.83,3.7,0.13,Xuất sắc,Xuất sắc,ĐÚNG
71,3.24,3.36,3.75,3.4,0.35,Giỏi,Giỏi,ĐÚNG
478,3.29,3.38,3.69,3.37,0.32,Giỏi,Giỏi,ĐÚNG
47,3.61,3.58,3.58,3.51,0.07,Giỏi,Giỏi,ĐÚNG
28,3.61,3.89,3.84,3.75,0.09,Xuất sắc,Xuất sắc,ĐÚNG
33,3.58,3.89,3.83,3.7,0.13,Xuất sắc,Xuất sắc,ĐÚNG
129,3.53,3.97,3.74,3.78,0.04,Xuất sắc,Xuất sắc,ĐÚNG
472,3.42,3.52,3.48,3.47,0.01,Giỏi,Giỏi,ĐÚNG
17,3.73,3.88,3.42,3.75,0.33,Xuất sắc,Xuất sắc,ĐÚNG
443,3.43,3.66,3.6,3.57,0.03,Giỏi,Giỏi,ĐÚNG
411,3.63,3.46,4.0,3.56,0.44,Xuất sắc,Xuất sắc,ĐÚNG
192,3.54,3.78,3.46,3.61,0.15,Xuất sắc,Xuất sắc,ĐÚNG
258,3.7,4.0,4.0,3.79,0.21,Xuất sắc,Xuất sắc,ĐÚNG
396,3.34,3.08,3.17,3.17,0.0,Khá,Khá,ĐÚNG
444,3.87,3.81,3.88,3.73,0.15,Xuất sắc,Xuất sắc,ĐÚNG
216,3.8,3.65,3.37,3.6,0.23,Giỏi,Xuất sắc,LỆCH
269,3.71,3.82,3.73,3.69,0.04,Xuất sắc,Xuất sắc,ĐÚNG
104,3.57,3.52,3.4,3.54,0.14,Giỏi,Giỏi,ĐÚNG
351,3.86,3.96,3.69,3.8,0.11,Xuất sắc,Xuất sắc,ĐÚNG
200,3.35,3.51,3.62,3.46,0.16,Giỏi,Giỏi,ĐÚNG
316,3.78,4.0,3.32,3.83,0.51,Xuất sắc,Xuất sắc,ĐÚNG
187,3.54,3.37,3.6,3.5,0.1,Giỏi,Giỏi,ĐÚNG
276,3.84,4.0,3.88,3.83,0.05,Xuất sắc,Xuất sắc,ĐÚNG
84,3.7,3.69,3.54,3.65,0.11,Xuất sắc,Xuất sắc,ĐÚNG
91,3.42,3.83,3.73,3.69,0.04,Xuất sắc,Xuất sắc,ĐÚNG
142,3.33,4.0,4.0,3.83,0.17,Xuất sắc,Xuất sắc,ĐÚNG
80,3.45,3.72,3.72,3.62,0.1,Xuất sắc,Xuất sắc,ĐÚNG
484,3.98,3.81,3.74,3.76,0.02,Xuất sắc,Xuất sắc,ĐÚNG
485,3.48,4.0,3.57,3.83,0.26,Xuất sắc,Xuất sắc,ĐÚNG
274,3.51,3.68,3.16,3.65,0.49,Giỏi,Giỏi,ĐÚNG
37,3.46,3.72,3.48,3.62,0.14,Giỏi,Giỏi,ĐÚNG
41,3.33,3.56,3.43,3.52,0.09,Giỏi,Giỏi,ĐÚNG
412,3.78,4.0,4.0,3.79,0.21,Xuất sắc,Xuất sắc,ĐÚNG
321,3.63,3.85,3.69,3.72,0.03,Xuất sắc,Xuất sắc,ĐÚNG
58,3.76,3.89,3.59,3.78,0.19,Xuất sắc,Xuất sắc,ĐÚNG
373,3.42,3.48,3.65,3.53,0.12,Giỏi,Giỏi,ĐÚNG
202,3.45,3.5,3.43,3.54,0.11,Giỏi,Giỏi,ĐÚNG
183,3.39,3.96,3.62,3.78,0.16,Xuất sắc,Xuất sắc,ĐÚNG
343,3.57,3.56,3.65,3.55,0.1,Giỏi,Giỏi,ĐÚNG
145,3.72,3.79,3.98,3.64,0.34,Xuất sắc,Xuất sắc,ĐÚNG
199,3.43,3.69,3.39,3.58,0.19,Giỏi,Giỏi,ĐÚNG
346,3.33,3.56,3.49,3.5,0.01,Giỏi,Giỏi,ĐÚNG
40,3.48,3.83,3.78,3.68,0.1,Xuất sắc,Xuất sắc,ĐÚNG
438,3.43,3.3,3.84,3.43,0.41,Giỏi,Giỏi,ĐÚNG
44,3.7,3.64,3.64,3.58,0.06,Xuất sắc,Xuất sắc,ĐÚNG
389,3.58,3.86,3.72,3.71,0.01,Xuất sắc,Xuất sắc,ĐÚNG
386,3.59,3.91,3.64,3.75,0.11,Xuất sắc,Xuất sắc,ĐÚNG
48,3.55,3.61,3.61,3.55,0.06,Giỏi,Giỏi,ĐÚNG
468,3.68,4.0,4.0,3.84,0.16,Xuất sắc,Xuất sắc,ĐÚNG
331,3.61,3.52,3.88,3.51,0.37,Xuất sắc,Giỏi,LỆCH
72,3.67,3.7,3.88,3.61,0.27,Xuất sắc,Xuất sắc,ĐÚNG
225,3.02,3.31,3.29,3.26,0.03,Giỏi,Giỏi,ĐÚNG
406,3.42,3.51,3.6,3.45,0.15,Giỏi,Giỏi,ĐÚNG
330,3.45,3.69,3.79,3.59,0.2,Xuất sắc,Xuất sắc,ĐÚNG
344,3.72,3.75,3.86,3.62,0.24,Xuất sắc,Xuất sắc,ĐÚNG
131,3.53,3.45,3.72,3.45,0.27,Giỏi,Giỏi,ĐÚNG
425,3.55,3.47,3.29,3.56,0.27,Giỏi,Giỏi,ĐÚNG
61,3.45,3.64,3.64,3.52,0.12,Giỏi,Giỏi,ĐÚNG
227,3.48,3.11,2.9,3.31,0.41,Khá,Giỏi,LỆCH
409,3.6,3.47,3.07,3.49,0.42,Giỏi,Giỏi,ĐÚNG
239,3.35,3.75,3.38,3.55,0.17,Giỏi,Giỏi,ĐÚNG
333,3.47,3.77,3.33,3.65,0.32,Giỏi,Xuất sắc,LỆCH
20,3.58,3.67,3.51,3.65,0.14,Giỏi,Giỏi,ĐÚNG
427,3.53,4.0,4.0,3.83,0.17,Xuất sắc,Xuất sắc,ĐÚNG
303,3.94,3.85,3.68,3.72,0.04,Xuất sắc,Xuất sắc,ĐÚNG
387,3.51,3.72,3.84,3.64,0.2,Xuất sắc,Xuất sắc,ĐÚNG
334,3.45,3.82,3.57,3.66,0.09,Xuất sắc,Xuất sắc,ĐÚNG
279,3.7,3.74,3.8,3.73,0.07,Xuất sắc,Xuất sắc,ĐÚNG
421,3.33,3.34,3.6,3.34,0.26,Giỏi,Giỏi,ĐÚNG
407,3.42,3.81,3.73,3.67,0.06,Xuất sắc,Xuất sắc,ĐÚNG
159,3.43,3.48,3.64,3.43,0.21,Giỏi,Giỏi,ĐÚNG
439,3.42,0.0,3.16,3.14,0.02,Giỏi,Giỏi,ĐÚNG
51,3.36,3.64,3.5,3.56,0.06,Giỏi,Giỏi,ĐÚNG
326,3.46,4.0,3.64,3.78,0.14,Xuất sắc,Xuất sắc,ĐÚNG
24,3.18,3.46,3.7,3.36,0.34,Giỏi,Giỏi,ĐÚNG
67,3.48,3.69,3.81,3.56,0.25,Xuất sắc,Xuất sắc,ĐÚNG
116,3.5,3.95,3.72,3.78,0.06,Xuất sắc,Xuất sắc,ĐÚNG
280,3.56,3.58,3.85,3.57,0.28,Xuất sắc,Giỏi,LỆCH
320,3.53,3.61,3.64,3.57,0.07,Giỏi,Giỏi,ĐÚNG
408,3.71,3.84,3.92,3.72,0.2,Xuất sắc,Xuất sắc,ĐÚNG
410,3.37,3.36,3.71,3.41,0.3,Giỏi,Giỏi,ĐÚNG
73,3.76,3.7,3.88,3.65,0.23,Xuất sắc,Xuất sắc,ĐÚNG
295,3.26,3.23,3.73,3.38,0.35,Giỏi,Giỏi,ĐÚNG
137,3.76,3.45,3.55,3.5,0.05,Giỏi,Xuất sắc,LỆCH
419,3.4,3.56,3.77,3.49,0.28,Giỏi,Giỏi,ĐÚNG
60,3.49,3.64,3.72,3.58,0.14,Xuất sắc,Xuất sắc,ĐÚNG
46,3.73,3.78,3.64,3.72,0.08,Xuất sắc,Xuất sắc,ĐÚNG
416,3.85,4.0,3.71,3.79,0.08,Xuất sắc,Xuất sắc,ĐÚNG
31,3.39,3.72,3.44,3.65,0.21,Giỏi,Giỏi,ĐÚNG
437,3.29,3.53,3.22,3.48,0.26,Giỏi,Giỏi,ĐÚNG
433,3.37,3.07,3.2,3.2,0.0,Giỏi,Giỏi,ĐÚNG
92,3.36,3.83,3.72,3.68,0.04,Xuất sắc,Xuất sắc,ĐÚNG
180,3.45,3.73,3.45,3.62,0.17,Giỏi,Giỏi,ĐÚNG
232,3.31,3.0,3.26,3.13,0.13,Khá,Khá,ĐÚNG
52,3.46,3.53,3.5,3.49,0.01,Giỏi,Giỏi,ĐÚNG
257,3.66,3.82,3.68,3.68,0.0,Xuất sắc,Xuất sắc,ĐÚNG
466,3.79,3.51,3.67,3.57,0.1,Xuất sắc,Xuất sắc,ĐÚNG
253,3.69,3.75,3.5,3.63,0.13,Xuất sắc,Xuất sắc,ĐÚNG
6,3.49,3.59,3.55,3.5,0.05,Giỏi,Giỏi,ĐÚNG
119,3.46,3.21,3.46,3.27,0.19,Giỏi,Giỏi,ĐÚNG
23,3.49,3.58,3.46,3.52,0.06,Giỏi,Giỏi,ĐÚNG
45,3.79,3.92,3.72,3.77,0.05,Xuất sắc,Xuất sắc,ĐÚNG
463,3.44,3.33,3.35,3.42,0.07,Giỏi,Giỏi,ĐÚNG
356,3.37,3.95,3.76,3.71,0.05,Xuất sắc,Xuất sắc,ĐÚNG
4,3.55,3.72,3.25,3.58,0.33,Giỏi,Xuất sắc,LỆCH
