stud_id,status_K1,gpa1,Tin_Chi_K1,So_Gio_Tu_Hoc_K1,So_Lan_Tham_Gia_HD_K1,Diem_Ren_Luyen_K1,status_K2,gpa2,Tin_Chi_K2,So_Gio_Tu_Hoc_K2,So_Lan_Tham_Gia_HD_K2,Diem_Ren_Luyen_K2,status_K3,gpa3,Tin_Chi_K3,So_Gio_Tu_Hoc_K3,So_Lan_Tham_Gia_HD_K3,Diem_Ren_Luyen_K3,Tong_Tin_Chi,cgpa,Diem_Ren_Luyen_TB,Xep_Loai_DRL,Xep_Loai_Hoc_Luc
1,Active,3.7,21,20.9,7,79,Active,3.83,22,27.8,7,85,Active,3.47,20,30.2,3,65,63,3.67,76,Khá,Xuất sắc
2,Active,3.88,18,19.2,10,94,Active,3.81,16,24.8,6,79,Active,3.36,20,27.8,8,84,54,3.67,86,Tốt,Xuất sắc
3,Active,3.64,19,22.1,3,66,Active,3.44,15,25.1,8,87,Active,3.64,16,29.9,9,92,50,3.58,82,Tốt,Giỏi
4,Active,3.55,21,26.3,3,71,Active,3.72,16,26.6,1,63,Active,3.25,18,24.0,5,74,55,3.5,69,Khá,Giỏi
5,Active,3.52,17,23.9,4,72,Active,3.45,15,25.4,3,71,Active,3.5,16,25.0,10,95,48,3.49,79,Khá,Giỏi
6,Active,3.49,22,18.7,5,79,Active,3.59,19,19.7,5,79,Active,3.55,19,17.7,2,61,60,3.54,73,Khá,Giỏi
7,Active,3.33,19,23.1,4,72,Active,1.79,20,17.9,10,96,Active,2.67,19,22.6,4,72,58,2.58,80,Tốt,Khá
8,Active,3.18,19,23.3,6,80,Leave,0.0,0,0.0,0,0,Active,2.1,17,6.0,4,69,36,2.67,74,Khá,Khá
9,Active,3.36,21,19.5,1,59,Active,3.31,18,20.5,7,83,Active,3.36,20,22.1,4,74,59,3.34,72,Khá,Giỏi
10,Active,3.67,16,24.3,6,79,Active,3.61,21,22.8,2,67,Active,3.67,22,20.5,7,87,59,3.65,78,Khá,Xuất sắc
11,Active,3.37,17,22.8,9,88,Active,3.17,20,24.1,1,62,Active,3.36,22,21.9,8,86,59,3.3,79,Khá,Giỏi
12,Active,3.27,21,18.3,6,82,Active,3.64,15,23.4,2,65,Active,3.61,22,21.4,8,91,58,3.49,79,Khá,Giỏi
13,Active,3.64,17,24.9,0,58,Active,3.64,20,24.5,10,97,Active,3.69,17,22.6,5,77,54,3.66,77,Khá,Xuất sắc
42,Active,3.64,17,25.6,6,75,Active,3.75,22,28.5,5,76,Active,3.78,15,25.0,5,73,54,3.72,75,Khá,Xuất sắc
43,Active,3.18,22,25.7,4,74,Active,3.53,20,21.6,1,59,Active,3.61,22,21.2,8,89,64,3.44,74,Khá,Giỏi
44,Active,3.7,19,27.6,2,63,Active,3.64,20,25.1,7,82,Active,3.64,19,26.5,3,63,58,3.66,69,Khá,Xuất sắc
45,Active,3.79,18,19.4,2,60,Active,3.92,19,20.3,0,53,Active,3.72,17,19.4,5,73,54,3.81,62,Trung bình,Xuất sắc
46,Active,3.73,22,20.7,3,64,Active,3.78,18,17.8,6,77,Active,3.64,16,21.3,3,68,56,3.72,70,Khá,Xuất sắc
47,Active,3.61,22,25.3,1,60,Active,3.58,17,24.2,1,60,Active,3.58,20,26.9,10,94,59,3.59,71,Khá,Giỏi
48,Active,3.55,17,25.1,1,63,Active,3.61,17,24.0,9,90,Active,3.61,20,22.5,0,57,54,3.59,70,Khá,Giỏi
49,Active,3.51,20,25.0,0,51,Active,3.72,15,28.3,5,76,Active,3.61,18,24.1,6,77,53,3.6,68,Khá,Xuất sắc
50,Active,3.45,19,35.0,4,72,Active,3.64,20,30.9,1,57,Active,3.53,16,26.5,9,87,55,3.54,72,Khá,Giỏi
51,Active,3.36,16,24.6,3,71,Active,3.64,15,21.6,1,58,Active,3.5,18,25.3,10,99,49,3.5,76,Khá,Giỏi
52,Active,3.46,22,26.9,10,98,Active,3.53,19,29.7,9,95,Active,3.5,17,26.9,5,76,58,3.49,90,Xuất sắc,Giỏi
60,Active,3.49,18,26.4,9,92,Active,3.64,19,28.1,7,83,Active,3.72,21,24.7,8,90,58,3.62,88,Tốt,Xuất sắc
61,Active,3.45,20,25.2,1,57,Active,3.64,16,25.9,1,61,Active,3.64,22,26.0,6,77,58,3.57,65,Khá,Giỏi
62,Active,3.45,20,21.8,2,66,Active,3.67,22,22.2,6,76,Active,3.5,15,19.9,6,82,57,3.55,75,Khá,Giỏi
63,Active,3.58,16,26.1,6,83,Active,3.67,19,22.5,2,63,Active,3.64,16,24.8,1,56,51,3.63,67,Khá,Xuất sắc
64,Active,3.4,22,20.0,6,75,Active,3.5,16,20.6,7,87,Active,3.81,16,23.5,10,94,54,3.55,85,Tốt,Giỏi
65,Active,3.55,18,22.5,3,71,Active,3.81,18,26.1,6,77,Active,3.61,16,24.0,8,85,52,3.66,78,Khá,Xuất sắc
66,Active,3.64,19,22.0,4,72,Active,3.67,15,27.6,7,87,Active,3.72,18,23.7,9,87,52,3.68,82,Tốt,Xuất sắc
67,Active,3.48,15,23.3,4,72,Active,3.69,21,27.4,6,80,Active,3.81,17,23.6,8,89,53,3.67,80,Tốt,Xuất sắc
68,Active,3.61,18,31.6,5,74,Active,3.7,18,26.5,10,94,Active,3.58,16,26.3,5,72,52,3.63,80,Tốt,Xuất sắc
94,Active,3.43,16,16.3,8,83,Active,3.39,19,16.7,5,77,Active,3.42,21,22.8,2,62,56,3.41,74,Khá,Giỏi
95,Active,3.36,20,25.0,1,62,Active,3.07,18,23.6,6,82,Active,1.67,16,18.3,0,59,54,2.76,68,Khá,Khá
96,Active,3.06,19,15.8,4,68,Active,2.47,18,13.1,4,72,Active,2.33,20,17.1,3,68,57,2.62,69,Khá,Khá
14,Active,3.33,18,20.8,2,59,Active,3.21,22,22.2,6,79,Active,3.67,22,17.8,2,66,62,3.41,68,Khá,Giỏi
15,Active,3.64,15,27.5,3,64,Active,3.79,22,25.5,0,56,Active,3.74,15,23.3,0,52,52,3.73,57,Trung bình,Xuất sắc
16,Active,3.7,15,24.1,9,87,Active,3.88,22,23.2,0,55,Active,3.77,22,23.6,2,65,59,3.79,69,Khá,Xuất sắc
17,Active,3.73,17,20.2,5,71,Active,3.88,18,18.4,8,90,Active,3.42,20,18.3,3,68,55,3.67,76,Khá,Xuất sắc
18,Active,3.7,17,21.4,7,87,Active,4.0,19,24.5,4,67,Active,3.94,20,22.3,7,87,56,3.89,80,Tốt,Xuất sắc
19,Active,3.39,21,25.1,0,51,Active,3.76,21,23.3,4,73,Active,3.71,15,21.9,8,89,57,3.61,71,Khá,Xuất sắc
20,Active,3.58,16,20.9,9,90,Active,3.67,20,19.4,2,60,Active,3.51,21,22.0,2,59,57,3.59,70,Khá,Giỏi
21,Active,3.24,22,22.9,7,84,Active,3.36,18,15.6,4,75,Active,3.77,17,19.4,5,78,57,3.44,79,Khá,Giỏi
22,Active,3.39,18,22.9,10,97,Active,3.51,16,23.0,2,59,Active,3.73,20,17.9,9,89,54,3.55,82,Tốt,Giỏi
23,Active,3.49,18,20.8,6,76,Active,3.58,19,26.5,8,88,Active,3.46,17,19.4,10,92,54,3.51,85,Tốt,Giỏi
24,Active,3.18,22,29.4,0,56,Active,3.46,18,30.3,8,91,Active,3.7,20,25.6,4,69,60,3.44,72,Khá,Giỏi
25,Active,3.58,21,25.6,1,61,Active,3.61,21,23.4,5,71,Active,3.58,19,24.6,5,76,61,3.59,69,Khá,Giỏi
26,Active,3.76,20,17.0,2,60,Active,3.79,20,19.1,0,54,Active,3.61,15,14.4,3,65,55,3.73,60,Trung bình,Xuất sắc
27,Active,3.73,20,24.6,0,52,Active,3.67,22,25.4,6,78,Active,3.04,20,22.2,9,91,62,3.49,74,Khá,Giỏi
53,Active,3.3,21,20.1,8,89,Active,3.55,19,19.2,6,83,Active,3.68,19,20.2,5,76,59,3.5,83,Tốt,Giỏi
54,Active,3.42,20,25.8,7,79,Active,3.52,17,25.3,9,91,Active,3.64,22,27.9,6,82,59,3.53,84,Tốt,Giỏi
55,Active,3.51,17,20.4,1,62,Active,3.52,20,23.7,9,91,Active,3.65,18,22.7,8,89,55,3.56,81,Tốt,Giỏi
69,Active,3.64,18,23.2,8,85,Active,3.58,16,26.4,3,68,Active,3.89,19,26.5,9,94,53,3.71,82,Tốt,Xuất sắc
70,Active,3.42,21,24.6,6,80,Active,3.51,18,23.6,7,79,Active,3.78,16,24.2,6,77,55,3.55,79,Khá,Giỏi
71,Active,3.24,18,25.2,8,91,Active,3.36,21,23.4,5,71,Active,3.75,20,18.4,5,74,59,3.46,79,Khá,Giỏi
72,Active,3.67,22,19.6,5,76,Active,3.7,17,19.5,3,71,Active,3.88,19,23.9,0,56,58,3.75,68,Khá,Xuất sắc
73,Active,3.76,15,22.9,5,79,Active,3.7,21,21.3,3,65,Active,3.88,17,23.5,1,61,53,3.77,68,Khá,Xuất sắc
74,Active,3.33,17,20.8,10,97,Active,3.36,17,21.1,1,58,Active,3.8,18,23.9,0,59,52,3.5,71,Khá,Giỏi
75,Active,3.42,19,20.5,3,71,Active,3.43,19,22.6,1,55,Active,3.78,21,33.2,8,83,59,3.55,70,Khá,Giỏi
76,Active,3.49,17,29.3,9,88,Active,3.67,17,28.8,3,71,Active,3.8,20,21.3,9,94,54,3.66,84,Tốt,Xuất sắc
77,Active,3.73,21,25.4,9,94,Active,3.85,16,22.9,4,74,Active,3.68,16,27.7,9,94,53,3.75,87,Tốt,Xuất sắc
78,Active,3.79,19,19.8,1,62,Active,3.79,16,25.7,7,80,Active,3.84,21,24.3,8,88,56,3.81,77,Khá,Xuất sắc
28,Active,3.61,15,26.8,6,76,Active,3.89,15,25.0,5,78,Active,3.84,19,25.4,6,78,49,3.78,77,Khá,Xuất sắc
29,Active,3.52,21,30.6,4,70,Active,3.89,16,27.5,3,69,Active,3.94,21,26.0,1,57,58,3.77,65,Khá,Xuất sắc
30,Active,3.45,16,26.6,10,97,Active,3.7,20,23.4,10,96,Active,3.68,21,22.5,5,73,57,3.62,89,Tốt,Xuất sắc
31,Active,3.39,18,17.4,5,74,Active,3.72,17,14.6,6,75,Active,3.44,18,17.3,10,96,53,3.51,82,Tốt,Giỏi
32,Active,3.79,15,22.5,1,58,Active,3.83,16,25.6,7,85,Active,3.84,22,25.8,3,70,53,3.82,71,Khá,Xuất sắc
33,Active,3.58,18,27.9,4,72,Active,3.89,19,28.1,1,61,Active,3.83,21,22.4,0,57,58,3.77,63,Trung bình,Xuất sắc
34,Active,3.52,20,20.7,9,92,Active,3.67,21,21.5,6,83,Active,3.54,21,24.3,0,51,62,3.58,75,Khá,Giỏi
35,Active,3.94,16,26.3,3,65,Active,3.72,22,25.3,1,55,Active,3.78,20,23.7,4,72,58,3.8,64,Trung bình,Xuất sắc
36,Active,3.18,16,24.6,8,91,Active,3.72,21,25.6,1,56,Active,3.32,22,21.2,1,61,59,3.42,69,Khá,Giỏi
37,Active,3.46,15,19.7,5,72,Active,3.72,15,17.9,7,87,Active,3.48,18,19.3,3,69,48,3.55,76,Khá,Giỏi
38,Active,3.7,16,23.7,1,60,Active,3.39,21,21.9,1,63,Active,3.76,16,26.1,0,59,53,3.6,61,Trung bình,Xuất sắc
39,Active,3.15,19,10.5,0,57,Active,3.81,17,19.4,10,96,Active,3.4,19,19.7,3,67,55,3.44,73,Khá,Giỏi
40,Active,3.48,16,19.5,4,75,Active,3.83,15,18.8,8,88,Active,3.78,18,22.4,10,91,49,3.7,85,Tốt,Xuất sắc
41,Active,3.33,18,21.6,8,85,Active,3.56,17,23.2,0,54,Active,3.43,18,21.2,5,72,53,3.44,70,Khá,Giỏi
56,Active,3.49,18,18.7,5,73,Active,3.64,19,17.8,8,86,Active,3.7,15,22.7,9,90,52,3.61,83,Tốt,Xuất sắc
57,Active,3.79,21,29.9,9,93,Active,3.94,15,28.5,0,55,Active,3.87,18,28.2,3,67,54,3.86,72,Khá,Xuất sắc
58,Active,3.76,18,19.1,6,78,Active,3.89,18,21.8,9,89,Active,3.59,22,27.3,0,59,58,3.74,75,Khá,Xuất sắc
59,Active,3.61,21,22.0,4,74,Active,3.81,20,19.1,9,87,Active,3.54,15,20.7,6,75,56,3.66,79,Khá,Xuất sắc
79,Active,3.54,18,23.7,9,93,Active,3.53,20,26.4,1,55,Active,3.43,19,26.3,1,57,57,3.5,68,Khá,Giỏi
80,Active,3.45,19,28.0,5,75,Active,3.72,17,24.1,5,77,Active,3.72,21,24.3,8,87,57,3.63,80,Tốt,Xuất sắc
81,Active,3.61,22,18.5,4,73,Active,3.78,21,19.3,5,71,Active,3.73,20,24.9,2,61,63,3.7,68,Khá,Xuất sắc
82,Active,3.55,21,27.4,10,93,Active,3.89,22,26.5,0,51,Active,3.89,20,23.7,7,82,63,3.78,75,Khá,Xuất sắc
83,Active,3.76,17,24.1,8,84,Active,3.86,22,27.2,6,77,Active,3.87,19,27.7,7,81,58,3.83,81,Tốt,Xuất sắc
84,Active,3.7,20,20.4,5,76,Active,3.69,18,19.6,7,82,Active,3.54,19,21.0,2,62,57,3.64,73,Khá,Xuất sắc
85,Active,3.82,15,25.9,10,92,Active,3.92,15,25.5,1,58,Active,3.91,22,24.9,3,63,52,3.89,71,Khá,Xuất sắc
86,Active,3.76,18,24.8,7,81,Active,3.86,18,25.7,7,80,Active,3.75,17,25.1,1,62,53,3.79,74,Khá,Xuất sắc
87,Active,3.27,16,20.2,1,60,Active,3.61,18,23.6,8,83,Active,3.3,21,23.6,3,66,55,3.39,70,Khá,Giỏi
88,Active,3.64,22,23.9,8,87,Active,3.92,21,24.7,5,73,Active,3.65,19,23.9,10,97,62,3.74,86,Tốt,Xuất sắc
89,Active,3.39,18,21.4,4,74,Active,3.78,22,21.9,4,70,Active,3.71,18,23.4,10,92,58,3.64,79,Khá,Xuất sắc
90,Active,3.64,16,24.0,6,83,Active,3.95,15,22.3,8,85,Active,3.85,22,27.3,10,92,53,3.81,87,Tốt,Xuất sắc
91,Active,3.42,20,25.1,9,89,Active,3.83,19,24.9,10,98,Active,3.73,20,26.9,8,88,59,3.66,92,Xuất sắc,Xuất sắc
92,Active,3.36,20,28.2,0,53,Active,3.83,21,23.6,8,83,Active,3.72,16,25.9,1,56,57,3.63,64,Trung bình,Xuất sắc
93,Active,3.63,20,19.3,9,89,Active,3.86,18,14.6,0,52,Active,3.73,22,18.2,2,64,60,3.74,68,Khá,Xuất sắc
97,Active,3.03,16,28.8,4,72,Active,3.7,18,27.4,10,97,Active,3.37,20,22.8,10,92,54,3.38,87,Tốt,Giỏi
98,Active,3.3,18,15.5,9,87,Active,2.53,19,19.8,2,62,Leave,0.0,0,0.0,0,0,37,2.9,74,Khá,Khá
99,Active,2.91,20,20.4,1,61,Active,1.23,18,11.6,8,90,Leave,0.0,0,0.0,0,0,38,2.11,76,Khá,Trung bình
100,Active,3.67,19,25.8,5,71,Active,3.75,18,22.4,10,93,Active,3.75,20,26.9,4,74,57,3.72,79,Khá,Xuất sắc
101,Active,3.4,21,23.7,10,95,Active,3.58,18,25.1,1,60,Active,3.43,17,22.5,0,53,56,3.47,69,Khá,Giỏi
102,Active,3.42,16,20.6,0,58,Active,3.26,20,26.6,3,71,Active,3.15,22,23.6,6,83,58,3.26,71,Khá,Giỏi
103,Active,3.36,16,21.9,2,62,Active,3.12,21,21.9,3,63,Active,3.28,22,18.0,9,88,59,3.24,71,Khá,Giỏi
104,Active,3.57,18,21.7,4,71,Active,3.52,16,20.6,1,55,Active,3.4,21,20.7,6,82,55,3.49,69,Khá,Giỏi
105,Active,3.88,16,22.5,3,66,Active,3.67,21,22.7,2,66,Active,3.31,19,25.0,8,90,56,3.61,74,Khá,Xuất sắc
106,Active,3.62,16,26.5,2,62,Active,3.92,19,29.0,2,61,Active,3.62,21,25.1,3,66,56,3.72,63,Trung bình,Xuất sắc
107,Active,3.54,20,24.5,9,94,Active,4.0,18,23.1,0,55,Active,3.64,22,25.0,5,71,60,3.71,73,Khá,Xuất sắc
108,Active,3.73,18,21.6,4,68,Active,3.59,21,20.5,5,71,Active,3.7,19,21.7,10,91,58,3.67,77,Khá,Xuất sắc
109,Active,3.73,20,27.1,10,91,Active,3.68,20,24.2,7,83,Active,3.79,20,25.0,1,56,60,3.73,77,Khá,Xuất sắc
110,Active,3.57,21,24.5,7,81,Active,3.59,22,21.6,2,64,Active,3.42,16,19.3,3,71,59,3.54,72,Khá,Giỏi
111,Active,3.44,22,25.7,10,99,Active,3.58,19,24.9,4,74,Active,4.0,16,25.2,1,56,57,3.64,76,Khá,Xuất sắc
112,Active,3.73,21,26.2,3,66,Active,3.73,17,29.2,0,53,Active,4.0,22,19.6,9,88,60,3.83,69,Khá,Xuất sắc
113,Active,3.84,22,21.5,0,55,Active,3.72,21,23.5,9,89,Active,3.3,17,22.5,4,72,60,3.64,72,Khá,Xuất sắc
114,Active,3.42,20,20.9,10,92,Active,3.52,17,21.4,6,83,Active,3.64,15,18.4,6,81,52,3.52,85,Tốt,Giỏi
115,Active,3.76,21,26.7,6,78,Active,3.6,18,24.4,9,90,Active,3.62,20,27.0,0,57,59,3.66,75,Khá,Xuất sắc
116,Active,3.5,18,25.3,7,80,Active,3.95,20,21.1,0,54,Active,3.72,19,24.5,9,95,57,3.73,76,Khá,Xuất sắc
117,Active,3.59,15,23.4,2,60,Active,3.78,20,26.0,10,97,Active,3.26,22,25.3,9,92,57,3.53,83,Tốt,Giỏi
118,Active,3.54,20,23.7,5,74,Active,3.86,21,23.9,8,84,Active,3.61,20,27.5,6,82,61,3.67,80,Tốt,Xuất sắc
119,Active,3.46,22,27.4,1,60,Active,3.21,19,24.3,7,86,Active,3.46,22,21.3,9,92,63,3.38,79,Khá,Giỏi
120,Active,3.4,19,20.7,6,81,Active,3.75,19,30.4,6,80,Active,3.72,17,31.5,5,72,55,3.62,78,Khá,Xuất sắc
121,Active,3.74,22,25.9,7,81,Active,3.7,20,25.6,9,89,Active,3.73,18,27.1,5,71,60,3.72,80,Tốt,Xuất sắc
122,Active,3.41,19,22.1,5,73,Active,3.95,19,21.6,6,83,Leave,0.0,0,0.0,0,0,38,3.68,78,Khá,Xuất sắc
123,Active,3.41,16,22.0,5,76,Active,3.57,20,21.6,4,71,Leave,0.0,0,0.0,0,0,36,3.5,74,Khá,Giỏi
124,Active,3.36,21,26.4,4,69,Active,3.87,21,28.3,4,74,Active,3.8,19,23.5,5,78,61,3.67,74,Khá,Xuất sắc
125,Active,3.75,19,27.0,7,80,Active,3.28,16,24.9,10,97,Active,3.87,21,22.6,2,62,56,3.66,80,Tốt,Xuất sắc
126,Active,3.47,22,25.9,0,58,Active,3.4,20,20.7,4,74,Active,3.39,17,20.2,4,71,59,3.42,68,Khá,Giỏi
127,Active,3.7,16,28.4,9,91,Active,3.83,17,28.7,0,57,Active,3.31,22,24.2,1,59,55,3.58,69,Khá,Giỏi
128,Active,3.44,15,23.0,3,63,Active,3.34,19,21.1,7,81,Active,3.71,19,19.9,4,72,53,3.5,72,Khá,Giỏi
129,Active,3.53,18,25.6,3,65,Active,3.97,20,29.9,10,92,Active,3.74,16,30.0,8,85,54,3.76,81,Tốt,Xuất sắc
130,Active,3.47,18,21.9,2,66,Active,3.65,20,25.5,0,57,Active,3.43,17,23.5,9,91,55,3.52,71,Khá,Giỏi
131,Active,3.53,18,24.4,2,62,Active,3.45,21,22.6,3,65,Active,3.72,19,24.2,0,52,58,3.56,60,Trung bình,Giỏi
132,Active,3.78,19,23.7,3,69,Active,3.66,19,26.9,8,85,Active,3.66,17,23.9,9,87,55,3.7,80,Tốt,Xuất sắc
133,Active,3.47,15,23.4,10,92,Active,3.53,16,23.5,8,84,Active,3.56,17,18.9,4,67,48,3.52,81,Tốt,Giỏi
134,Active,3.72,19,26.0,0,57,Active,3.83,21,27.3,4,70,Active,3.48,21,25.9,5,77,61,3.68,68,Khá,Xuất sắc
135,Active,3.65,21,20.8,10,95,Active,3.81,16,23.8,3,70,Active,3.59,21,18.9,10,92,58,3.67,86,Tốt,Xuất sắc
136,Active,3.31,19,29.7,10,95,Active,3.33,22,24.0,2,59,Active,3.74,22,23.8,6,78,63,3.47,77,Khá,Giỏi
137,Active,3.76,15,20.6,1,60,Active,3.45,21,20.2,2,59,Active,3.55,19,18.3,8,87,55,3.57,69,Khá,Giỏi
138,Active,3.2,15,17.8,8,91,Active,3.82,19,23.6,4,71,Active,3.58,19,28.5,5,77,53,3.56,80,Tốt,Giỏi
139,Active,3.53,21,27.3,9,92,Active,3.65,15,24.7,9,91,Active,3.7,15,26.6,4,68,51,3.62,84,Tốt,Xuất sắc
140,Active,3.46,15,25.7,1,62,Active,3.86,19,24.1,0,51,Active,4.0,17,24.8,6,80,51,3.79,64,Trung bình,Xuất sắc
141,Active,3.33,22,24.7,4,73,Active,3.64,19,21.8,4,72,Active,3.24,18,25.1,0,51,59,3.4,65,Khá,Giỏi
142,Active,3.33,15,24.7,8,91,Active,4.0,16,25.9,5,71,Active,4.0,17,23.3,10,97,48,3.79,86,Tốt,Xuất sắc
143,Active,3.66,18,23.7,8,86,Active,3.96,16,29.4,6,79,Active,3.8,17,28.2,4,75,51,3.8,80,Tốt,Xuất sắc
144,Active,3.69,22,20.7,7,80,Active,3.95,19,20.1,8,91,Active,3.53,19,22.2,1,59,60,3.72,77,Khá,Xuất sắc
145,Active,3.72,22,24.2,0,57,Active,3.79,19,24.3,2,63,Active,3.98,17,25.3,3,67,58,3.82,62,Trung bình,Xuất sắc
146,Active,3.47,21,20.6,0,56,Active,3.31,19,25.0,1,60,Active,3.07,20,26.4,6,78,60,3.29,65,Khá,Giỏi
147,Active,3.51,17,26.6,8,83,Active,3.59,16,24.8,2,66,Active,3.21,17,25.2,4,69,50,3.43,73,Khá,Giỏi
148,Active,3.49,17,22.6,10,99,Active,3.5,19,24.0,8,83,Active,3.02,20,23.4,5,79,56,3.33,87,Tốt,Giỏi
149,Active,3.6,15,20.6,7,87,Active,3.4,19,19.0,6,76,Active,3.66,21,17.2,1,59,55,3.55,74,Khá,Giỏi
150,Active,3.58,22,22.3,9,88,Active,3.94,22,24.6,8,91,Active,4.0,18,22.4,2,66,62,3.83,82,Tốt,Xuất sắc
151,Active,3.56,17,24.8,8,85,Active,3.49,18,23.5,1,57,Active,3.59,22,23.2,6,83,57,3.55,75,Khá,Giỏi
152,Active,3.57,17,21.4,6,79,Active,3.5,15,24.7,4,72,Active,3.59,19,24.3,10,95,51,3.56,82,Tốt,Giỏi
153,Active,3.45,15,20.1,2,63,Active,3.02,17,23.7,3,67,Active,3.17,17,20.0,1,63,49,3.2,64,Trung bình,Giỏi
154,Active,3.43,17,23.7,2,59,Active,3.64,15,30.1,1,56,Active,3.28,20,32.2,5,72,52,3.43,62,Trung bình,Giỏi
155,Active,3.34,19,23.4,1,62,Active,3.51,18,24.7,8,89,Active,3.15,20,27.0,4,75,57,3.33,75,Khá,Giỏi
156,Active,3.17,16,20.1,4,74,Active,3.58,17,22.6,8,86,Active,3.57,21,24.5,9,90,54,3.45,83,Tốt,Giỏi
157,Active,3.73,21,22.3,2,62,Active,3.72,21,23.6,5,71,Active,3.58,20,23.7,0,56,62,3.68,63,Trung bình,Xuất sắc
158,Active,3.57,16,24.2,5,77,Active,3.88,19,23.5,10,94,Active,3.81,22,23.4,10,96,57,3.77,89,Tốt,Xuất sắc
159,Active,3.43,15,17.8,1,57,Active,3.48,18,21.3,5,76,Active,3.64,16,20.1,9,92,49,3.52,75,Khá,Giỏi
160,Active,3.04,18,16.5,2,64,Active,3.49,22,19.1,7,85,Active,3.12,15,20.6,10,92,55,3.24,80,Tốt,Giỏi
161,Active,3.67,21,21.2,4,75,Active,3.5,21,22.6,5,77,Active,3.33,22,23.2,3,69,64,3.5,74,Khá,Giỏi
162,Active,3.4,15,22.0,10,91,Active,3.59,19,26.0,0,57,Active,3.43,18,21.3,10,96,52,3.48,81,Tốt,Giỏi
163,Active,3.6,22,24.6,10,95,Active,3.47,16,21.3,3,65,Leave,0.0,0,0.0,0,0,38,3.55,80,Tốt,Giỏi
164,Active,3.6,18,28.7,0,54,Active,4.0,20,29.7,6,80,Active,3.95,21,26.9,3,64,59,3.86,66,Khá,Xuất sắc
165,Active,3.58,16,26.4,0,58,Active,3.74,18,28.5,1,62,Active,3.37,21,20.8,0,57,55,3.55,59,Trung bình,Giỏi
166,Active,3.54,15,22.7,9,87,Active,3.65,16,22.9,8,86,Active,3.37,22,20.6,1,55,53,3.5,76,Khá,Giỏi
167,Active,3.56,22,23.3,8,91,Active,3.78,18,18.4,7,86,Active,3.43,17,19.6,7,79,57,3.59,85,Tốt,Giỏi
168,Active,3.24,21,18.6,6,80,Active,3.45,22,19.2,7,80,Active,3.57,16,26.0,5,71,59,3.41,77,Khá,Giỏi
169,Active,3.67,21,23.7,0,54,Active,4.0,18,27.6,6,83,Active,3.85,17,27.4,1,62,56,3.83,66,Khá,Xuất sắc
170,Active,2.92,20,19.9,7,87,Active,3.73,16,21.9,3,71,Active,3.46,17,19.1,5,74,53,3.34,77,Khá,Giỏi
171,Active,3.25,22,23.3,2,63,Active,3.43,22,20.6,1,62,Leave,0.0,0,0.0,0,0,44,3.34,62,Trung bình,Giỏi
172,Active,3.38,19,19.8,7,83,Active,3.56,17,20.3,2,59,Active,3.37,19,17.6,8,84,55,3.43,75,Khá,Giỏi
173,Active,3.69,17,25.7,4,71,Active,3.83,15,27.1,5,72,Active,3.79,19,28.4,6,75,51,3.77,73,Khá,Xuất sắc
174,Active,3.58,18,28.8,0,51,Active,3.22,19,26.8,4,72,Active,3.92,19,24.6,8,91,56,3.57,71,Khá,Giỏi
175,Active,3.65,22,23.3,6,75,Active,3.62,18,22.8,7,83,Active,3.2,16,22.2,4,73,56,3.51,77,Khá,Giỏi
176,Active,3.55,20,24.7,4,74,Active,3.28,19,22.6,5,79,Active,3.33,17,25.9,6,78,56,3.39,77,Khá,Giỏi
177,Active,3.64,17,26.1,5,78,Active,3.69,20,24.0,5,75,Active,3.9,15,21.1,10,96,52,3.73,83,Tốt,Xuất sắc
178,Active,3.59,17,22.1,5,76,Active,3.53,16,20.4,0,52,Active,3.56,18,18.4,6,76,51,3.56,68,Khá,Giỏi
179,Active,3.52,15,24.0,7,82,Active,2.88,19,26.4,3,66,Active,3.13,19,22.6,2,65,53,3.15,71,Khá,Khá
180,Active,3.45,17,23.0,8,84,Active,3.73,16,22.7,4,75,Active,3.45,19,25.4,6,76,52,3.54,78,Khá,Giỏi
181,Active,3.55,19,23.7,1,56,Active,3.89,19,27.2,10,91,Active,3.8,21,21.9,0,58,59,3.75,68,Khá,Xuất sắc
182,Active,3.58,21,20.7,8,91,Active,3.53,15,25.8,2,59,Active,3.21,17,16.8,8,90,53,3.45,80,Tốt,Giỏi
183,Active,3.39,20,22.8,10,95,Active,3.96,15,26.3,8,89,Active,3.62,17,23.8,9,87,52,3.63,90,Xuất sắc,Xuất sắc
184,Active,3.46,17,24.7,9,90,Active,3.75,22,23.3,0,53,Active,3.3,16,24.2,5,78,55,3.53,74,Khá,Giỏi
185,Active,3.43,15,27.9,8,83,Active,2.87,15,25.3,5,72,Active,3.18,16,26.6,4,68,46,3.16,74,Khá,Khá
186,Active,3.57,19,26.7,9,93,Active,3.57,22,25.0,5,79,Active,3.92,19,23.7,6,80,60,3.68,84,Tốt,Xuất sắc
187,Active,3.54,16,30.8,9,89,Active,3.37,15,24.5,9,89,Active,3.6,17,23.0,4,67,48,3.51,82,Tốt,Giỏi
188,Active,3.92,21,22.0,6,80,Active,3.95,15,24.2,4,68,Active,3.2,15,26.0,9,91,51,3.72,80,Tốt,Xuất sắc
189,Active,3.44,21,26.0,0,55,Active,3.96,15,22.5,4,74,Active,3.48,18,18.1,4,73,54,3.6,67,Khá,Xuất sắc
190,Active,3.69,20,24.5,6,79,Active,4.0,16,27.7,9,92,Active,3.94,22,25.3,10,91,58,3.87,87,Tốt,Xuất sắc
191,Active,3.34,21,30.2,9,91,Active,3.52,18,25.5,4,72,Active,2.99,17,23.8,9,88,56,3.29,84,Tốt,Giỏi
192,Active,3.54,17,20.4,4,67,Active,3.78,22,22.8,5,77,Active,3.46,21,24.0,10,97,60,3.6,80,Tốt,Xuất sắc
193,Active,3.54,15,20.3,5,71,Active,3.66,19,22.7,7,85,Active,3.46,22,21.6,6,80,56,3.55,79,Khá,Giỏi
194,Active,3.47,21,20.9,9,89,Active,3.77,15,21.9,1,60,Active,3.71,17,23.0,9,89,53,3.63,79,Khá,Xuất sắc
195,Active,3.18,21,14.5,6,78,Active,3.53,16,20.3,5,74,Active,2.96,20,14.5,6,76,57,3.2,76,Khá,Giỏi
196,Active,3.66,16,21.9,4,71,Active,4.0,16,22.3,0,59,Active,4.0,16,22.0,10,94,48,3.89,75,Khá,Xuất sắc
197,Active,3.57,16,20.7,6,76,Active,3.62,16,24.3,3,68,Active,3.44,21,24.7,2,61,53,3.53,68,Khá,Giỏi
198,Active,3.51,18,23.7,8,90,Active,3.89,22,20.8,9,90,Active,3.65,18,19.8,2,65,58,3.7,82,Tốt,Xuất sắc
199,Active,3.43,19,24.1,2,60,Active,3.69,18,24.3,2,61,Active,3.39,19,23.7,9,94,56,3.5,72,Khá,Giỏi
200,Active,3.35,17,29.1,7,87,Active,3.51,22,31.0,8,86,Active,3.62,21,28.4,2,60,60,3.5,78,Khá,Giỏi
201,Active,3.56,21,26.7,1,56,Active,3.97,19,23.3,2,61,Active,3.74,17,22.8,5,77,57,3.75,65,Khá,Xuất sắc
202,Active,3.45,22,20.9,10,99,Active,3.5,18,20.3,5,72,Active,3.43,19,22.0,5,78,59,3.46,83,Tốt,Giỏi
203,Active,3.37,21,19.5,6,81,Active,3.42,17,22.4,0,55,Active,3.16,17,19.7,2,64,55,3.32,67,Khá,Giỏi
204,Active,3.42,15,24.5,1,62,Active,3.8,21,24.8,5,72,Active,3.61,19,23.7,2,64,55,3.63,66,Khá,Xuất sắc
205,Active,3.2,18,17.4,3,64,Active,3.43,16,21.0,3,68,Active,3.46,18,23.5,7,79,52,3.36,70,Khá,Giỏi
206,Active,3.51,19,29.6,6,81,Active,3.53,22,27.6,7,81,Active,3.69,16,26.1,7,82,57,3.57,81,Tốt,Giỏi
207,Active,3.49,22,27.2,2,64,Active,3.58,17,26.9,10,96,Active,3.49,18,23.5,6,75,57,3.52,78,Khá,Giỏi
208,Active,3.25,18,20.5,1,58,Active,3.73,20,25.0,8,91,Active,3.29,20,24.2,9,90,58,3.43,80,Tốt,Giỏi
209,Active,3.57,20,17.4,10,97,Active,4.0,22,22.2,3,63,Active,3.7,15,24.8,3,64,57,3.77,75,Khá,Xuất sắc
210,Active,3.31,19,27.2,9,90,Active,3.41,15,24.4,9,92,Active,3.46,16,18.6,3,67,50,3.39,83,Tốt,Giỏi
211,Active,3.59,21,23.1,6,76,Active,3.75,21,25.3,9,95,Active,3.48,18,27.1,2,67,60,3.61,79,Khá,Xuất sắc
212,Active,3.54,21,27.6,0,57,Active,3.69,15,30.5,5,74,Active,3.92,20,26.8,4,69,56,3.72,67,Khá,Xuất sắc
213,Active,3.58,19,17.8,7,86,Active,3.92,18,20.9,0,52,Active,3.78,15,23.6,2,66,52,3.76,68,Khá,Xuất sắc
214,Active,3.62,21,21.5,2,60,Active,3.9,21,20.6,3,66,Active,3.64,20,25.1,7,81,62,3.72,69,Khá,Xuất sắc
215,Active,3.6,17,23.5,1,59,Active,3.6,22,26.3,6,75,Active,3.47,17,21.2,6,80,56,3.56,71,Khá,Giỏi
216,Active,3.8,19,24.4,2,59,Active,3.65,19,23.7,0,53,Active,3.37,22,21.4,2,62,60,3.59,58,Trung bình,Giỏi
217,Active,3.58,18,21.8,4,73,Active,3.87,17,17.7,7,87,Active,3.77,17,20.2,8,90,52,3.74,83,Tốt,Xuất sắc
218,Active,3.33,19,24.7,10,98,Active,3.15,19,25.4,9,91,Active,3.31,19,21.9,4,72,57,3.26,87,Tốt,Giỏi
219,Active,3.61,22,19.8,7,84,Active,3.76,22,20.6,10,96,Active,3.47,16,26.1,8,90,60,3.63,90,Xuất sắc,Xuất sắc
220,Active,3.64,21,23.2,9,91,Active,3.62,18,23.2,5,73,Active,3.74,17,21.5,6,75,56,3.66,80,Tốt,Xuất sắc
221,Active,3.37,17,23.1,6,80,Active,3.32,15,23.6,4,71,Active,3.67,21,22.3,6,80,53,3.47,77,Khá,Giỏi
222,Active,3.48,17,24.9,6,76,Active,3.43,21,24.4,9,94,Active,3.59,20,24.4,5,71,58,3.5,80,Tốt,Giỏi
223,Active,3.49,20,25.6,6,75,Active,3.59,19,26.3,10,96,Active,3.54,16,21.8,1,55,55,3.54,75,Khá,Giỏi
224,Active,3.54,18,19.3,7,85,Active,3.87,22,20.8,8,86,Active,3.81,22,21.6,8,90,62,3.75,87,Tốt,Xuất sắc
225,Active,3.02,16,16.0,0,57,Active,3.31,19,20.5,1,56,Active,3.29,21,22.2,5,77,56,3.22,63,Trung bình,Giỏi
226,Active,3.51,16,27.6,3,64,Active,3.75,22,25.2,4,75,Active,3.93,17,24.1,7,81,55,3.74,73,Khá,Xuất sắc
227,Active,3.48,19,24.2,5,72,Active,3.11,15,24.8,5,71,Active,2.9,19,22.6,0,56,53,3.17,66,Khá,Khá
228,Active,3.83,20,21.7,8,83,Active,4.0,21,24.9,6,75,Active,3.49,18,22.7,4,75,59,3.79,78,Khá,Xuất sắc
229,Active,3.55,15,28.7,1,62,Active,3.84,17,24.2,4,70,Active,3.83,19,20.5,0,57,51,3.75,63,Trung bình,Xuất sắc
230,Active,3.33,19,22.9,0,58,Active,3.01,15,24.8,8,89,Active,3.22,21,24.2,9,89,55,3.2,79,Khá,Giỏi
231,Active,3.75,20,28.2,9,87,Active,3.72,19,24.7,0,51,Active,3.94,15,29.1,10,96,54,3.79,78,Khá,Xuất sắc
232,Active,3.31,18,22.6,1,62,Active,3.0,17,23.9,6,83,Active,3.26,17,23.1,7,82,52,3.19,76,Khá,Khá
233,Active,3.61,18,30.8,6,83,Active,3.91,22,28.6,9,90,Leave,0.0,0,0.0,0,0,40,3.78,86,Tốt,Xuất sắc
234,Active,3.6,18,29.6,2,62,Active,3.46,17,30.9,6,77,Active,3.05,15,27.9,0,59,50,3.39,66,Khá,Giỏi
235,Active,3.58,18,22.6,9,87,Active,3.6,22,22.5,3,63,Active,3.61,15,19.8,8,84,55,3.6,78,Khá,Xuất sắc
236,Active,3.57,18,26.8,1,55,Active,3.59,15,24.3,8,86,Active,3.29,20,27.6,1,55,53,3.47,65,Khá,Giỏi
237,Active,3.38,20,24.9,10,93,Active,3.6,19,24.2,10,99,Active,3.63,16,24.4,8,84,55,3.53,92,Xuất sắc,Giỏi
238,Active,3.6,20,28.3,6,79,Active,4.0,18,25.9,4,72,Active,3.69,20,28.9,0,57,58,3.76,69,Khá,Xuất sắc
239,Active,3.35,17,19.2,1,59,Active,3.75,19,23.6,3,68,Active,3.38,17,21.3,9,87,53,3.5,71,Khá,Giỏi
240,Active,3.41,22,25.2,2,67,Active,3.48,22,20.1,6,75,Active,3.73,15,26.6,8,88,59,3.52,77,Khá,Giỏi
241,Active,3.21,16,25.7,10,92,Active,2.9,16,20.7,3,64,Active,3.27,22,23.4,3,69,54,3.14,75,Khá,Khá
242,Active,3.19,21,15.8,6,76,Active,3.42,21,16.6,2,64,Active,3.4,21,21.1,8,91,63,3.34,77,Khá,Giỏi
243,Active,3.43,18,18.7,3,68,Active,3.88,20,24.0,8,84,Active,3.94,18,25.0,6,82,56,3.75,78,Khá,Xuất sắc
244,Active,4.0,15,17.9,0,59,Active,4.0,18,25.7,10,93,Active,3.97,15,24.7,10,96,48,3.99,83,Tốt,Xuất sắc
245,Active,3.3,21,21.4,4,67,Active,3.73,17,22.4,7,82,Active,3.75,21,26.2,5,73,59,3.58,74,Khá,Giỏi
246,Active,3.57,20,25.9,8,91,Active,3.34,18,23.8,0,55,Active,3.82,22,24.4,4,74,60,3.59,73,Khá,Giỏi
247,Active,3.66,15,29.0,7,87,Active,4.0,21,27.2,6,83,Active,4.0,18,21.2,10,97,54,3.91,89,Tốt,Xuất sắc
248,Active,3.71,15,24.2,8,91,Active,3.88,17,27.3,8,86,Active,3.33,20,22.1,8,85,52,3.62,87,Tốt,Xuất sắc
249,Active,3.56,15,29.1,9,91,Active,3.92,21,24.6,7,87,Active,4.0,20,24.3,1,63,56,3.85,80,Tốt,Xuất sắc
250,Active,3.8,17,19.4,8,91,Active,3.86,17,22.5,7,81,Active,3.81,16,24.2,10,92,50,3.82,88,Tốt,Xuất sắc
251,Active,3.59,20,17.5,6,78,Active,3.48,18,22.7,5,78,Active,3.76,21,23.3,1,57,59,3.62,71,Khá,Xuất sắc
252,Active,3.62,15,23.4,3,64,Active,3.52,17,24.6,10,91,Active,3.4,15,26.7,10,92,47,3.51,82,Tốt,Giỏi
253,Active,3.69,18,25.2,4,72,Active,3.75,17,25.1,3,71,Active,3.5,19,19.2,8,83,54,3.64,75,Khá,Xuất sắc
254,Active,3.49,19,23.0,0,54,Active,3.72,16,26.0,7,87,Active,4.0,20,25.9,2,62,55,3.74,68,Khá,Xuất sắc
255,Active,3.6,15,16.3,0,56,Active,3.79,19,13.5,2,60,Active,3.83,20,14.4,7,83,54,3.75,66,Khá,Xuất sắc
256,Active,3.4,17,22.4,2,61,Active,3.68,19,24.8,8,86,Active,3.73,16,26.3,10,96,52,3.6,81,Tốt,Xuất sắc
257,Active,3.66,21,19.2,7,84,Active,3.82,20,20.1,1,62,Active,3.68,18,21.7,8,87,59,3.72,78,Khá,Xuất sắc
258,Active,3.7,20,26.2,1,56,Active,4.0,20,21.0,1,61,Active,4.0,16,24.0,7,79,56,3.89,65,Khá,Xuất sắc
259,Active,3.3,22,23.7,3,64,Active,3.29,22,24.3,6,75,Active,3.1,22,20.8,3,65,66,3.23,68,Khá,Giỏi
260,Active,3.1,17,18.3,1,63,Active,3.29,22,23.8,9,91,Active,3.91,15,27.4,0,51,54,3.4,68,Khá,Giỏi
261,Active,3.83,15,22.6,4,73,Active,3.67,22,22.8,3,69,Active,3.54,21,25.6,3,67,58,3.66,70,Khá,Xuất sắc
262,Active,3.75,20,20.4,8,85,Active,3.57,16,24.3,9,90,Active,3.47,17,25.1,8,87,53,3.61,87,Tốt,Xuất sắc
263,Active,3.46,19,22.8,0,51,Active,4.0,20,27.9,7,79,Active,3.61,17,25.4,1,60,56,3.7,63,Trung bình,Xuất sắc
264,Active,3.24,15,25.5,4,74,Active,3.52,21,27.6,8,91,Active,3.33,21,26.5,2,66,57,3.38,77,Khá,Giỏi
265,Active,3.39,17,19.3,8,88,Active,3.83,22,25.9,6,79,Active,3.44,18,22.6,9,87,57,3.58,85,Tốt,Giỏi
266,Active,3.58,16,25.2,0,57,Active,3.61,22,26.2,4,68,Active,3.32,22,26.5,7,82,60,3.5,69,Khá,Giỏi
267,Active,3.6,18,21.6,8,91,Active,4.0,18,23.5,7,86,Active,3.64,20,27.7,5,71,56,3.74,83,Tốt,Xuất sắc
268,Active,3.37,22,19.9,7,83,Active,3.35,15,17.2,3,64,Active,2.87,18,21.7,7,87,55,3.2,78,Khá,Giỏi
269,Active,3.71,21,23.5,3,63,Active,3.82,21,23.3,1,57,Active,3.73,20,21.8,6,81,62,3.75,67,Khá,Xuất sắc
270,Active,3.72,17,20.3,10,97,Active,3.8,22,20.2,10,91,Active,3.86,20,23.2,4,73,59,3.8,87,Tốt,Xuất sắc
271,Active,3.53,20,21.3,9,91,Active,3.56,22,27.8,5,72,Active,3.52,17,22.3,8,87,59,3.54,83,Tốt,Giỏi
272,Active,3.57,22,19.2,4,69,Active,3.99,22,21.6,8,89,Active,3.76,18,24.3,3,69,62,3.77,76,Khá,Xuất sắc
273,Active,3.54,22,30.2,4,75,Active,3.63,15,27.2,0,52,Active,3.33,22,26.0,5,72,59,3.48,66,Khá,Giỏi
274,Active,3.51,22,23.3,10,91,Active,3.68,15,24.9,10,96,Active,3.16,16,18.7,1,58,53,3.45,82,Tốt,Giỏi
275,Active,3.65,15,21.2,5,71,Active,3.69,16,22.6,9,89,Active,3.88,20,20.7,1,61,51,3.75,74,Khá,Xuất sắc
276,Active,3.84,18,25.1,6,75,Active,4.0,21,29.3,6,78,Active,3.88,19,26.2,1,57,58,3.91,70,Khá,Xuất sắc
277,Active,3.49,15,22.7,7,81,Active,3.72,16,21.8,9,94,Active,3.4,19,21.5,9,88,50,3.53,88,Tốt,Giỏi
278,Active,3.86,20,23.7,7,84,Active,3.98,17,24.8,8,85,Active,4.0,16,21.9,6,76,53,3.94,82,Tốt,Xuất sắc
279,Active,3.7,15,26.0,10,93,Active,3.74,15,23.2,9,92,Active,3.8,19,24.7,1,55,49,3.75,80,Tốt,Xuất sắc
280,Active,3.56,16,26.0,1,62,Active,3.58,18,21.4,8,83,Active,3.85,15,23.5,1,59,49,3.66,68,Khá,Xuất sắc
281,Active,3.46,18,21.1,8,84,Active,3.59,20,20.8,9,93,Active,3.21,20,20.9,8,88,58,3.42,88,Tốt,Giỏi
282,Active,3.68,18,21.8,6,83,Active,3.5,18,22.4,10,98,Active,2.88,16,19.7,6,80,52,3.37,87,Tốt,Giỏi
283,Active,3.43,20,21.9,3,65,Active,3.54,20,21.5,2,66,Active,3.41,18,24.8,10,99,58,3.46,77,Khá,Giỏi
284,Active,3.6,21,15.4,3,67,Active,3.77,15,18.0,10,93,Leave,0.0,0,0.0,0,0,36,3.67,80,Tốt,Xuất sắc
285,Active,3.34,16,17.2,10,98,Active,3.34,15,16.3,4,67,Active,3.31,16,18.1,2,59,47,3.33,75,Khá,Giỏi
286,Active,3.66,17,28.5,7,80,Active,3.77,15,26.1,7,87,Active,3.66,17,23.4,6,80,49,3.69,82,Tốt,Xuất sắc
287,Active,3.48,15,28.8,3,68,Active,3.61,16,22.4,7,84,Active,3.43,22,23.9,4,71,53,3.5,74,Khá,Giỏi
288,Active,3.29,19,21.5,5,75,Active,2.99,21,23.3,3,71,Active,3.15,18,21.7,9,92,58,3.14,79,Khá,Khá
289,Active,3.7,15,25.9,4,75,Active,3.23,20,24.2,10,97,Active,3.25,22,22.8,5,73,57,3.36,82,Tốt,Giỏi
290,Active,3.83,22,25.5,2,63,Active,4.0,21,21.6,10,91,Active,3.64,17,24.5,7,80,60,3.84,78,Khá,Xuất sắc
291,Active,3.35,15,33.3,9,88,Active,3.47,16,27.4,0,51,Active,3.82,20,21.1,8,88,51,3.57,76,Khá,Giỏi
292,Active,3.78,17,28.1,10,95,Active,3.44,16,23.6,0,56,Active,3.81,18,27.2,0,51,51,3.68,67,Khá,Xuất sắc
293,Active,3.64,15,23.2,1,58,Active,3.39,19,23.8,3,67,Active,3.67,22,24.0,2,65,56,3.57,63,Trung bình,Giỏi
294,Active,3.44,16,19.6,8,89,Active,3.28,18,24.3,5,79,Active,3.34,19,22.4,10,97,53,3.35,88,Tốt,Giỏi
295,Active,3.26,16,16.6,9,92,Active,3.23,18,14.7,7,80,Active,3.73,22,19.1,6,81,56,3.44,84,Tốt,Giỏi
296,Active,3.65,18,24.4,8,84,Leave,0.0,0,0.0,0,0,Active,3.49,16,11.4,5,71,34,3.57,78,Khá,Giỏi
297,Active,3.5,20,20.5,0,55,Active,3.53,22,21.5,8,87,Active,3.26,20,17.5,6,78,62,3.43,73,Khá,Giỏi
298,Active,3.49,21,18.1,9,93,Active,3.73,16,22.7,8,84,Active,3.79,15,27.2,7,85,52,3.65,87,Tốt,Xuất sắc
299,Active,3.5,19,20.9,2,65,Leave,0.0,0,0.0,0,0,Active,3.25,22,11.2,5,79,41,3.37,72,Khá,Giỏi
300,Active,3.61,22,19.8,7,83,Active,3.97,19,20.5,9,94,Active,3.81,18,23.5,2,63,59,3.79,80,Tốt,Xuất sắc
301,Active,3.41,15,28.7,5,79,Active,3.61,19,25.3,0,54,Active,3.25,18,26.1,1,56,52,3.43,63,Trung bình,Giỏi
302,Active,3.11,15,24.7,4,70,Active,3.38,22,21.7,1,56,Active,3.25,21,19.4,6,81,58,3.26,69,Khá,Giỏi
303,Active,3.94,17,24.7,4,69,Active,3.85,21,27.3,4,71,Active,3.68,22,26.7,10,91,60,3.81,77,Khá,Xuất sắc
304,Active,3.33,20,27.7,5,74,Active,3.18,22,24.9,3,64,Active,3.28,20,22.9,0,57,62,3.26,65,Khá,Giỏi
305,Active,3.26,16,22.5,6,79,Leave,0.0,0,0.0,0,0,Active,3.33,20,13.4,2,64,36,3.3,72,Khá,Giỏi
306,Active,3.41,19,19.8,0,56,Active,3.65,22,21.6,8,88,Active,3.57,17,17.2,10,97,58,3.55,80,Tốt,Giỏi
307,Active,3.56,18,28.7,8,85,Active,3.43,18,24.0,10,99,Active,3.51,21,23.3,3,65,57,3.5,83,Tốt,Giỏi
308,Active,3.15,16,23.7,2,60,Active,3.4,16,19.4,7,82,Active,3.7,22,20.1,0,53,54,3.45,65,Khá,Giỏi
309,Active,3.53,22,19.6,3,66,Active,3.22,17,16.3,5,76,Active,3.11,19,20.1,4,73,58,3.3,72,Khá,Giỏi
310,Active,3.39,20,22.0,9,91,Active,3.74,16,19.1,0,57,Active,3.63,17,22.5,9,88,53,3.57,79,Khá,Giỏi
311,Active,3.6,22,20.4,0,54,Active,3.89,21,23.2,1,60,Active,4.0,21,22.3,2,59,64,3.83,58,Trung bình,Xuất sắc
312,Active,3.87,21,19.7,10,93,Active,3.75,15,23.2,5,78,Active,3.61,22,21.6,1,63,58,3.74,78,Khá,Xuất sắc
313,Active,3.61,18,26.8,9,94,Active,3.33,22,20.7,10,94,Active,3.41,22,21.5,2,67,62,3.44,85,Tốt,Giỏi
314,Active,3.47,21,29.7,2,62,Active,4.0,16,29.6,1,55,Active,3.89,17,24.9,7,85,54,3.76,67,Khá,Xuất sắc
315,Active,3.7,17,19.0,1,56,Active,3.86,21,20.5,9,93,Active,3.48,19,23.9,5,77,57,3.69,75,Khá,Xuất sắc
316,Active,3.78,22,26.1,1,56,Active,4.0,15,25.9,4,69,Active,3.32,21,23.3,6,77,58,3.67,67,Khá,Xuất sắc
317,Active,3.25,17,19.9,0,51,Active,3.75,15,26.0,4,72,Active,3.73,22,17.7,5,72,54,3.58,65,Khá,Giỏi
318,Active,3.58,15,21.7,7,82,Active,3.3,22,24.3,5,72,Active,3.27,22,22.3,5,77,59,3.36,77,Khá,Giỏi
319,Active,3.25,21,20.1,2,67,Active,2.98,17,20.0,5,79,Active,2.9,21,17.8,2,67,59,3.05,71,Khá,Khá
320,Active,3.53,20,20.2,2,65,Active,3.61,20,19.6,5,71,Active,3.64,15,17.5,7,79,55,3.59,72,Khá,Giỏi
321,Active,3.63,22,23.8,5,77,Active,3.85,18,18.7,1,60,Active,3.69,17,18.2,6,78,57,3.72,72,Khá,Xuất sắc
322,Active,3.62,19,20.7,7,85,Active,3.87,16,20.8,9,92,Active,3.66,17,22.5,6,80,52,3.71,86,Tốt,Xuất sắc
323,Active,3.78,18,25.1,8,90,Active,3.34,15,23.3,2,63,Active,3.92,18,27.3,5,77,51,3.7,77,Khá,Xuất sắc
324,Active,3.59,16,23.3,8,83,Active,3.07,16,19.9,5,75,Active,3.5,19,22.3,4,73,51,3.39,77,Khá,Giỏi
325,Active,3.78,20,23.3,3,70,Active,3.67,20,23.2,7,79,Active,3.67,16,22.0,9,88,56,3.71,79,Khá,Xuất sắc
326,Active,3.46,20,19.8,4,70,Active,4.0,18,22.6,10,95,Active,3.64,15,24.3,7,82,53,3.69,82,Tốt,Xuất sắc
327,Active,3.23,17,20.1,1,58,Active,3.31,20,20.7,0,52,Active,3.5,21,20.8,4,71,58,3.36,60,Trung bình,Giỏi
328,Active,3.62,21,26.2,10,94,Active,4.0,18,24.0,0,57,Active,3.84,21,22.5,8,83,60,3.81,78,Khá,Xuất sắc
329,Active,3.63,22,25.4,8,88,Active,3.85,19,25.3,10,93,Active,4.0,21,22.3,8,83,62,3.82,88,Tốt,Xuất sắc
330,Active,3.45,22,19.5,7,85,Active,3.69,18,22.8,1,58,Active,3.79,15,19.1,0,53,55,3.62,65,Khá,Xuất sắc
331,Active,3.61,15,23.9,2,64,Active,3.52,22,20.8,10,93,Active,3.88,22,21.7,5,73,59,3.68,77,Khá,Xuất sắc
332,Active,3.46,15,25.6,10,91,Active,3.39,17,27.7,5,73,Active,3.52,21,25.8,6,82,53,3.46,82,Tốt,Giỏi
333,Active,3.47,18,17.2,8,90,Active,3.77,20,20.4,8,86,Active,3.33,21,21.2,2,67,59,3.52,81,Tốt,Giỏi
334,Active,3.45,17,24.8,2,65,Active,3.82,15,24.6,3,67,Active,3.57,19,23.0,6,75,51,3.6,69,Khá,Xuất sắc
335,Active,3.92,20,22.4,8,88,Active,3.87,22,25.2,2,59,Leave,0.0,0,0.0,0,0,42,3.89,74,Khá,Xuất sắc
336,Active,3.33,22,24.5,1,60,Active,3.76,19,24.9,7,82,Active,3.23,20,25.0,10,92,61,3.43,78,Khá,Giỏi
337,Active,3.58,19,20.8,9,91,Active,3.99,17,25.3,10,98,Active,4.0,18,21.9,6,78,54,3.85,89,Tốt,Xuất sắc
338,Active,3.53,17,16.9,8,88,Active,3.76,16,21.2,9,93,Active,3.55,18,24.2,10,92,51,3.61,91,Xuất sắc,Xuất sắc
339,Active,3.43,18,17.2,7,87,Active,3.53,22,18.7,8,91,Active,3.76,21,18.9,1,61,61,3.58,80,Tốt,Giỏi
340,Active,3.55,18,23.5,8,91,Active,3.64,20,24.5,10,95,Active,3.51,19,22.0,6,83,57,3.57,90,Xuất sắc,Giỏi
341,Active,3.81,17,25.2,4,74,Active,3.66,21,21.6,4,70,Active,3.31,21,18.3,0,57,59,3.58,67,Khá,Giỏi
342,Active,3.46,18,19.8,10,99,Active,3.42,21,21.6,8,90,Active,3.42,18,21.0,4,72,57,3.43,87,Tốt,Giỏi
343,Active,3.57,17,25.6,10,98,Active,3.56,15,24.4,1,63,Active,3.65,15,26.5,8,83,47,3.59,81,Tốt,Giỏi
344,Active,3.72,16,18.1,1,62,Active,3.75,18,20.6,2,65,Active,3.86,15,23.8,6,83,49,3.77,70,Khá,Xuất sắc
345,Active,3.48,17,22.8,7,79,Active,3.8,15,23.2,6,81,Active,3.24,22,25.1,6,79,54,3.47,80,Tốt,Giỏi
346,Active,3.33,21,18.2,5,75,Active,3.56,21,16.1,6,79,Active,3.49,16,20.9,10,95,58,3.46,83,Tốt,Giỏi
347,Active,3.52,17,20.9,7,82,Active,2.97,16,19.6,5,74,Active,3.31,20,18.2,1,60,53,3.27,72,Khá,Giỏi
348,Active,3.7,18,24.0,10,92,Active,4.0,19,24.7,5,71,Active,3.87,19,23.8,7,87,56,3.86,83,Tốt,Xuất sắc
349,Active,3.51,22,20.2,4,74,Active,3.6,19,22.2,1,61,Active,3.36,17,20.4,2,66,58,3.5,67,Khá,Giỏi
350,Active,3.84,21,23.1,9,89,Active,3.8,20,21.1,9,87,Active,3.75,20,25.9,7,86,61,3.8,87,Tốt,Xuất sắc
351,Active,3.86,18,28.0,1,58,Active,3.96,19,29.6,5,71,Active,3.69,17,23.7,2,66,54,3.84,65,Khá,Xuất sắc
352,Active,3.15,15,19.8,5,77,Leave,0.0,0,0.0,0,0,Active,3.14,16,13.1,9,87,31,3.14,82,Tốt,Khá
353,Active,3.57,15,26.3,4,75,Active,3.43,22,27.0,2,67,Active,3.5,16,27.3,6,75,53,3.49,72,Khá,Giỏi
354,Active,3.48,22,19.1,4,68,Active,3.54,20,22.3,10,96,Active,3.33,21,27.0,1,62,63,3.45,75,Khá,Giỏi
355,Active,3.12,22,23.6,0,53,Active,3.08,22,21.0,1,57,Active,2.86,18,19.8,3,67,62,3.03,59,Trung bình,Khá
356,Active,3.37,21,27.7,1,58,Active,3.95,20,30.7,0,53,Active,3.76,16,29.2,10,99,57,3.68,70,Khá,Xuất sắc
357,Active,3.35,16,13.9,7,79,Active,3.64,21,15.8,10,97,Active,4.0,16,26.1,5,72,53,3.66,83,Tốt,Xuất sắc
358,Active,3.41,22,20.0,2,65,Active,3.78,21,24.4,10,96,Active,3.83,17,22.8,10,99,60,3.66,87,Tốt,Xuất sắc
359,Active,3.68,15,25.8,9,88,Active,3.61,18,27.2,4,75,Active,3.23,18,20.8,8,90,51,3.5,84,Tốt,Giỏi
360,Active,3.48,17,22.3,2,63,Active,3.76,22,21.5,1,60,Active,3.65,16,17.9,4,75,55,3.64,66,Khá,Xuất sắc
361,Active,3.56,18,24.6,7,79,Active,3.77,17,27.8,1,59,Active,3.37,20,27.0,8,86,55,3.56,75,Khá,Giỏi
362,Active,3.28,15,20.2,7,81,Active,3.5,22,21.0,6,81,Active,3.49,22,17.3,4,67,59,3.44,76,Khá,Giỏi
363,Active,3.41,15,23.1,1,56,Active,3.37,20,23.6,7,79,Active,3.43,16,22.3,9,87,51,3.4,74,Khá,Giỏi
364,Active,3.64,16,23.1,7,79,Active,4.0,20,24.7,9,93,Active,4.0,22,25.9,7,83,58,3.9,85,Tốt,Xuất sắc
365,Active,3.74,21,28.1,10,97,Active,3.64,17,25.5,7,81,Leave,0.0,0,0.0,0,0,38,3.7,89,Tốt,Xuất sắc
366,Active,3.33,21,23.4,0,55,Active,3.42,15,25.1,3,71,Active,3.29,21,24.8,6,82,57,3.34,69,Khá,Giỏi
367,Active,3.4,20,23.9,5,71,Active,3.7,20,25.9,0,56,Active,3.58,19,25.2,3,67,59,3.56,65,Khá,Giỏi
368,Active,3.63,16,22.2,7,84,Active,3.73,18,18.7,10,99,Active,3.77,18,24.6,4,71,52,3.71,85,Tốt,Xuất sắc
369,Active,3.57,17,21.7,2,63,Active,3.8,19,26.2,6,79,Active,3.68,17,22.6,5,72,53,3.69,71,Khá,Xuất sắc
370,Active,3.59,21,21.9,7,81,Active,3.55,19,18.5,0,57,Active,3.92,19,19.9,4,73,59,3.68,70,Khá,Xuất sắc
371,Active,3.39,18,24.1,0,57,Active,3.84,16,26.8,10,94,Active,3.57,20,23.2,0,58,54,3.59,70,Khá,Giỏi
372,Active,3.62,22,22.1,10,99,Active,3.37,16,25.2,3,69,Active,3.71,15,26.6,8,83,53,3.57,84,Tốt,Giỏi
373,Active,3.42,16,23.8,10,99,Active,3.48,19,20.7,7,79,Active,3.65,22,24.4,1,56,57,3.53,78,Khá,Giỏi
374,Active,3.27,22,29.5,8,91,Active,3.53,19,25.3,1,61,Active,3.21,22,24.8,8,86,63,3.33,79,Khá,Giỏi
375,Active,3.38,15,25.7,10,92,Active,3.06,21,20.8,5,78,Active,2.92,22,23.8,9,91,58,3.09,87,Tốt,Khá
376,Active,3.32,18,21.3,8,85,Active,3.05,18,20.8,5,75,Active,3.42,18,18.9,1,56,54,3.26,72,Khá,Giỏi
377,Active,3.77,18,28.3,4,73,Active,3.68,17,25.3,8,84,Leave,0.0,0,0.0,0,0,35,3.73,78,Khá,Xuất sắc
378,Active,3.8,15,22.8,9,91,Active,3.93,16,25.7,4,71,Active,3.73,21,28.7,5,79,52,3.81,80,Tốt,Xuất sắc
379,Active,3.31,16,15.3,3,64,Active,3.73,21,22.9,9,92,Active,3.62,22,25.1,10,91,59,3.58,82,Tốt,Giỏi
380,Active,3.58,15,19.9,10,93,Active,3.77,21,25.5,3,64,Active,4.0,17,29.7,8,86,53,3.79,81,Tốt,Xuất sắc
381,Active,3.63,22,17.1,5,76,Active,3.49,17,18.7,4,72,Active,3.73,20,17.2,5,72,59,3.62,73,Khá,Xuất sắc
382,Active,3.41,20,21.6,6,81,Active,3.56,21,22.0,9,92,Active,3.51,22,21.3,5,74,63,3.49,82,Tốt,Giỏi
383,Active,3.39,18,22.8,4,75,Active,3.24,22,18.3,10,91,Active,3.86,22,19.5,10,98,62,3.5,88,Tốt,Giỏi
384,Active,3.7,19,29.7,10,91,Active,3.81,18,25.0,4,67,Active,3.67,19,26.2,1,62,56,3.73,73,Khá,Xuất sắc
385,Active,3.31,19,23.6,9,93,Active,3.77,19,26.3,7,81,Active,3.92,20,22.9,7,87,58,3.67,87,Tốt,Xuất sắc
386,Active,3.59,22,22.7,8,90,Active,3.91,20,27.7,9,89,Active,3.64,22,27.6,2,63,64,3.71,81,Tốt,Xuất sắc
387,Active,3.51,17,26.1,2,61,Active,3.72,17,21.9,7,82,Active,3.84,18,26.6,6,81,52,3.69,75,Khá,Xuất sắc
388,Active,3.32,21,14.7,6,78,Active,3.98,19,18.3,1,56,Active,4.0,16,23.4,4,69,56,3.74,68,Khá,Xuất sắc
389,Active,3.58,15,24.2,9,92,Active,3.86,19,24.3,6,83,Active,3.72,21,24.8,2,62,55,3.73,79,Khá,Xuất sắc
390,Active,3.17,15,24.6,9,93,Active,3.62,15,24.8,7,85,Active,3.56,18,21.6,0,59,48,3.46,79,Khá,Giỏi
391,Active,3.79,17,19.0,10,94,Active,3.68,22,19.4,10,97,Active,3.57,15,19.3,7,79,54,3.68,90,Xuất sắc,Xuất sắc
392,Active,3.37,17,26.6,4,74,Active,3.96,17,26.8,5,76,Active,3.77,18,28.6,2,60,52,3.7,70,Khá,Xuất sắc
393,Active,3.56,22,24.5,6,79,Active,3.75,21,23.1,4,69,Active,3.78,19,25.6,1,59,62,3.69,69,Khá,Xuất sắc
394,Active,3.27,22,20.8,1,55,Active,3.01,20,21.0,10,96,Leave,0.0,0,0.0,0,0,42,3.15,76,Khá,Khá
395,Active,3.4,17,25.0,3,66,Active,3.69,17,25.8,8,90,Active,3.87,22,24.1,3,64,56,3.67,73,Khá,Xuất sắc
396,Active,3.34,18,30.5,1,57,Active,3.08,21,26.0,2,66,Active,3.17,18,18.9,7,79,57,3.19,67,Khá,Khá
397,Active,3.27,22,22.9,6,83,Active,3.42,19,21.8,9,95,Active,3.57,19,19.9,2,61,60,3.41,80,Tốt,Giỏi
398,Active,3.23,20,23.0,1,62,Active,3.47,20,22.7,3,63,Active,3.59,16,27.9,0,51,56,3.42,59,Trung bình,Giỏi
399,Active,3.35,22,21.0,10,91,Active,3.2,21,21.3,8,83,Active,3.31,20,18.7,3,63,63,3.29,79,Khá,Giỏi
400,Active,3.52,15,20.2,0,56,Active,3.41,18,20.6,5,73,Active,3.74,18,22.8,8,83,51,3.56,71,Khá,Giỏi
401,Active,3.52,22,26.1,8,91,Active,3.59,21,24.1,7,81,Active,3.45,21,26.0,0,58,64,3.52,77,Khá,Giỏi
402,Active,3.37,18,19.6,0,57,Active,3.3,15,25.0,6,82,Active,3.27,16,20.5,10,93,49,3.32,77,Khá,Giỏi
403,Active,3.52,17,23.5,7,82,Active,3.95,22,25.6,10,91,Active,4.0,22,25.8,1,55,61,3.85,76,Khá,Xuất sắc
404,Active,3.3,15,20.7,1,55,Active,3.14,19,20.5,1,56,Active,2.96,20,23.1,8,89,54,3.12,67,Khá,Khá
405,Active,3.39,22,24.4,7,80,Active,3.39,21,25.3,2,60,Active,3.75,21,24.7,1,57,64,3.51,66,Khá,Giỏi
406,Active,3.42,18,24.0,2,63,Active,3.51,22,22.7,0,53,Active,3.6,22,30.3,2,66,62,3.52,61,Trung bình,Giỏi
407,Active,3.42,20,26.5,5,75,Active,3.81,16,28.3,8,88,Active,3.73,21,22.0,6,78,57,3.64,80,Tốt,Xuất sắc
408,Active,3.71,22,22.1,2,66,Active,3.84,16,24.2,6,75,Active,3.92,22,27.1,2,62,60,3.82,68,Khá,Xuất sắc
409,Active,3.6,18,22.6,6,80,Active,3.47,22,22.5,0,52,Active,3.07,21,21.6,8,87,61,3.37,73,Khá,Giỏi
410,Active,3.37,20,19.2,9,94,Active,3.36,22,22.0,2,59,Active,3.71,20,24.9,5,76,62,3.48,76,Khá,Giỏi
411,Active,3.63,17,22.1,8,84,Active,3.46,15,18.6,3,67,Active,4.0,16,22.9,2,65,48,3.7,72,Khá,Xuất sắc
412,Active,3.78,22,25.5,1,57,Active,4.0,18,22.4,3,69,Active,4.0,21,21.9,8,86,61,3.92,71,Khá,Xuất sắc
413,Active,3.54,20,25.9,4,72,Active,3.84,19,22.2,4,74,Active,3.98,21,24.1,0,58,60,3.79,68,Khá,Xuất sắc
414,Active,3.57,15,20.2,5,73,Active,3.99,17,22.9,2,59,Active,3.57,17,18.5,9,92,49,3.72,75,Khá,Xuất sắc
415,Active,3.22,17,25.1,3,68,Active,3.62,15,28.7,2,65,Active,3.38,18,27.2,2,59,50,3.4,64,Trung bình,Giỏi
416,Active,3.85,15,29.2,3,68,Active,4.0,18,32.7,0,55,Active,3.71,20,29.1,0,51,53,3.85,58,Trung bình,Xuất sắc
417,Active,3.54,19,24.7,3,64,Active,3.61,22,25.7,6,75,Active,3.65,22,26.3,1,63,63,3.6,67,Khá,Xuất sắc
418,Active,3.4,16,29.3,1,61,Active,3.8,17,28.0,10,93,Active,3.31,20,27.9,7,84,53,3.49,79,Khá,Giỏi
419,Active,3.4,22,20.0,3,64,Active,3.56,22,17.2,9,93,Active,3.77,19,21.6,6,82,63,3.57,80,Tốt,Giỏi
420,Active,3.37,20,18.3,10,96,Active,3.49,22,19.3,0,51,Active,3.54,22,21.7,1,61,64,3.47,69,Khá,Giỏi
421,Active,3.33,16,16.3,0,51,Active,3.34,16,17.4,1,61,Active,3.6,20,18.2,1,60,52,3.44,57,Trung bình,Giỏi
422,Active,3.27,16,27.5,5,73,Active,3.57,16,23.9,3,67,Active,3.37,16,21.5,8,86,48,3.4,75,Khá,Giỏi
423,Active,3.46,20,25.3,0,52,Active,3.6,17,24.0,3,63,Active,4.0,22,27.5,5,77,59,3.7,64,Trung bình,Xuất sắc
424,Active,3.75,17,23.9,9,93,Active,3.94,15,23.2,4,67,Active,4.0,22,27.7,4,75,54,3.9,78,Khá,Xuất sắc
425,Active,3.55,22,24.3,5,74,Active,3.47,16,18.7,10,91,Active,3.29,20,19.9,9,93,58,3.44,86,Tốt,Giỏi
426,Active,4.0,19,21.1,0,58,Active,4.0,19,24.9,1,63,Active,4.0,22,25.1,5,71,60,4.0,64,Trung bình,Xuất sắc
427,Active,3.53,15,31.8,5,76,Active,4.0,22,25.7,3,65,Active,4.0,17,23.1,8,91,54,3.87,77,Khá,Xuất sắc
428,Active,3.57,18,23.8,9,90,Active,3.64,20,24.3,0,55,Active,3.35,18,26.4,10,94,56,3.52,80,Tốt,Giỏi
429,Active,3.42,15,23.2,7,83,Active,3.88,21,29.1,1,63,Active,3.42,22,27.6,6,77,58,3.59,74,Khá,Giỏi
430,Active,3.45,18,25.5,10,99,Active,3.44,17,21.9,0,56,Active,3.33,18,27.0,9,90,53,3.41,82,Tốt,Giỏi
431,Active,3.7,15,25.6,1,61,Active,3.8,17,18.6,9,95,Active,3.27,20,18.2,9,90,52,3.57,82,Tốt,Giỏi
432,Active,3.71,20,24.7,1,63,Active,3.91,16,24.0,9,94,Active,3.66,21,22.9,8,84,57,3.75,80,Tốt,Xuất sắc
433,Active,3.37,19,19.9,3,69,Active,3.07,15,23.5,3,70,Active,3.2,15,23.3,3,63,49,3.23,67,Khá,Giỏi
434,Active,3.23,22,23.8,10,91,Active,3.4,22,28.2,3,63,Active,3.62,15,27.5,1,55,59,3.39,70,Khá,Giỏi
435,Active,3.48,18,29.6,2,66,Active,3.75,19,23.8,6,83,Active,3.49,21,22.9,7,86,58,3.57,78,Khá,Giỏi
436,Active,3.33,22,27.2,3,66,Active,3.48,15,26.4,9,92,Active,3.6,21,22.8,3,64,58,3.47,74,Khá,Giỏi
437,Active,3.29,22,27.9,6,77,Active,3.53,18,24.4,10,99,Active,3.22,21,25.4,8,87,61,3.34,88,Tốt,Giỏi
438,Active,3.43,22,21.1,10,97,Active,3.3,18,21.5,10,93,Active,3.84,16,24.8,3,66,56,3.51,85,Tốt,Giỏi
439,Active,3.42,21,19.4,0,53,Leave,0.0,0,0.0,0,0,Active,3.16,15,8.6,7,86,36,3.31,70,Khá,Giỏi
440,Active,3.55,17,22.9,5,78,Active,3.83,16,19.9,8,88,Active,3.69,21,25.3,8,84,54,3.69,83,Tốt,Xuất sắc
441,Active,3.52,15,23.4,2,64,Active,3.57,16,24.0,4,75,Active,3.38,16,26.3,8,91,47,3.49,77,Khá,Giỏi
442,Active,3.11,22,25.5,10,95,Active,2.93,16,24.4,9,93,Active,3.23,19,23.6,9,93,57,3.1,94,Xuất sắc,Khá
443,Active,3.43,15,16.9,9,90,Active,3.66,20,23.0,0,53,Active,3.6,22,23.4,3,69,57,3.58,71,Khá,Giỏi
444,Active,3.87,22,29.9,6,82,Active,3.81,18,27.3,0,53,Active,3.88,16,27.3,0,51,56,3.85,62,Trung bình,Xuất sắc
445,Active,3.5,18,22.6,9,94,Active,3.43,15,23.5,5,72,Active,3.59,15,21.3,2,60,48,3.51,75,Khá,Giỏi
446,Active,3.65,17,22.2,1,55,Active,3.27,20,21.3,1,63,Active,3.02,20,21.4,8,86,57,3.3,68,Khá,Giỏi
447,Active,3.2,17,18.5,1,63,Active,3.58,20,21.6,7,81,Leave,0.0,0,0.0,0,0,37,3.41,72,Khá,Giỏi
448,Active,3.49,20,17.3,3,67,Active,3.63,15,19.6,8,87,Leave,0.0,0,0.0,0,0,35,3.55,77,Khá,Giỏi
449,Active,3.39,21,25.6,0,54,Active,3.63,16,26.2,3,71,Active,3.76,22,21.2,6,81,59,3.59,69,Khá,Giỏi
450,Active,3.39,20,23.0,2,64,Active,3.97,19,23.0,4,74,Leave,0.0,0,0.0,0,0,39,3.67,69,Khá,Xuất sắc
451,Active,3.49,20,18.6,8,88,Active,3.79,15,22.3,10,92,Active,3.82,17,22.5,3,64,52,3.68,81,Tốt,Xuất sắc
452,Active,3.63,20,19.1,6,76,Active,3.59,18,21.2,7,81,Active,3.47,18,21.6,1,58,56,3.57,72,Khá,Giỏi
453,Active,3.36,20,21.4,6,82,Active,3.55,17,25.2,2,60,Active,3.76,22,23.1,1,57,59,3.56,66,Khá,Giỏi
454,Active,3.88,20,30.4,10,97,Leave,0.0,0,0.0,0,0,Active,3.86,15,11.5,3,64,35,3.87,80,Tốt,Xuất sắc
455,Active,3.59,19,22.6,3,63,Active,3.52,17,18.5,2,64,Active,3.06,21,23.5,9,92,57,3.37,73,Khá,Giỏi
456,Active,3.59,17,18.2,1,59,Active,4.0,21,24.8,9,92,Active,3.72,16,18.2,9,90,54,3.79,80,Tốt,Xuất sắc
457,Active,3.55,20,22.5,3,68,Active,3.72,21,21.0,2,67,Active,3.78,21,25.8,8,88,62,3.69,74,Khá,Xuất sắc
458,Active,3.64,22,22.7,5,74,Active,3.42,20,21.1,2,66,Active,3.5,21,23.0,7,80,63,3.52,73,Khá,Giỏi
459,Active,3.67,17,14.3,10,92,Active,3.33,22,16.9,6,78,Active,3.29,21,16.6,2,62,60,3.41,77,Khá,Giỏi
460,Active,3.34,17,22.3,10,94,Active,3.64,17,26.4,6,78,Active,3.91,21,22.8,8,88,55,3.65,87,Tốt,Xuất sắc
461,Active,3.63,16,22.8,2,59,Active,3.75,19,18.1,6,83,Active,3.66,21,25.1,4,71,56,3.68,71,Khá,Xuất sắc
462,Active,3.22,19,24.5,0,57,Active,3.1,16,30.9,9,87,Active,3.07,19,23.8,10,93,54,3.13,79,Khá,Khá
463,Active,3.44,20,29.4,7,80,Active,3.33,18,28.6,7,80,Active,3.35,15,22.7,2,66,53,3.38,75,Khá,Giỏi
464,Active,3.56,15,27.3,4,68,Active,3.7,21,26.1,4,68,Active,3.65,22,27.7,4,73,58,3.64,70,Khá,Xuất sắc
465,Active,3.35,18,21.6,4,75,Active,3.5,19,22.2,4,72,Active,3.39,15,23.3,9,89,52,3.42,79,Khá,Giỏi
466,Active,3.79,21,20.3,10,95,Active,3.51,18,22.4,3,66,Active,3.67,22,20.7,3,68,61,3.66,76,Khá,Xuất sắc
467,Active,3.27,22,31.3,3,64,Active,3.44,18,28.4,6,77,Active,3.38,18,26.1,7,82,58,3.36,74,Khá,Giỏi
468,Active,3.68,15,24.0,5,79,Active,4.0,16,26.1,9,89,Active,4.0,16,23.0,4,71,47,3.9,80,Tốt,Xuất sắc
469,Active,3.41,19,22.8,2,67,Active,3.52,22,24.4,3,65,Active,3.14,17,25.8,9,91,58,3.37,74,Khá,Giỏi
470,Active,3.43,18,22.8,8,83,Active,4.0,20,24.1,1,60,Active,3.78,19,26.8,7,85,57,3.75,76,Khá,Xuất sắc
471,Active,3.41,19,23.5,4,69,Active,3.73,17,23.3,3,70,Active,3.67,16,24.9,8,87,52,3.59,75,Khá,Giỏi
472,Active,3.42,22,22.3,2,62,Active,3.52,16,22.4,7,85,Active,3.48,19,23.6,3,65,57,3.47,71,Khá,Giỏi
473,Active,3.26,17,20.2,10,97,Active,3.05,19,20.3,8,86,Active,2.92,22,25.0,6,79,58,3.06,87,Tốt,Khá
474,Active,3.17,18,20.0,0,54,Leave,0.0,0,0.0,0,0,Active,3.44,15,11.4,1,61,33,3.29,58,Trung bình,Giỏi
475,Active,3.34,17,22.4,9,88,Active,3.73,19,24.7,6,76,Active,3.24,21,20.5,5,75,57,3.43,80,Tốt,Giỏi
476,Active,3.72,22,22.0,5,77,Active,3.84,20,15.8,8,83,Active,3.97,18,21.5,7,83,60,3.84,81,Tốt,Xuất sắc
477,Active,3.46,15,20.5,1,60,Active,3.64,22,23.7,10,99,Active,3.66,18,28.9,6,83,55,3.6,81,Tốt,Xuất sắc
478,Active,3.29,22,22.7,2,61,Active,3.38,21,23.2,3,64,Active,3.69,20,21.0,6,77,63,3.45,67,Khá,Giỏi
479,Active,3.32,15,21.6,0,56,Active,3.68,19,22.7,9,94,Active,3.78,17,22.5,7,84,51,3.61,78,Khá,Xuất sắc
480,Active,3.51,18,28.4,8,88,Active,3.93,16,25.6,2,67,Leave,0.0,0,0.0,0,0,34,3.71,78,Khá,Xuất sắc
481,Active,3.47,18,13.7,7,83,Active,3.55,20,21.3,4,70,Active,3.87,21,22.8,4,71,59,3.64,75,Khá,Xuất sắc
482,Active,3.53,20,27.1,1,58,Active,3.63,20,27.7,0,58,Active,3.54,15,23.0,6,82,55,3.57,66,Khá,Giỏi
483,Active,3.54,19,27.6,10,91,Active,4.0,18,24.4,2,67,Active,3.69,17,26.9,9,91,54,3.74,83,Tốt,Xuất sắc
484,Active,3.98,20,17.7,7,84,Active,3.81,18,22.0,7,83,Active,3.74,22,28.8,2,67,60,3.84,78,Khá,Xuất sắc
485,Active,3.48,19,21.9,8,84,Active,4.0,15,21.0,10,97,Active,3.57,16,22.7,4,72,50,3.66,84,Tốt,Xuất sắc
486,Active,3.18,20,20.6,0,53,Active,3.62,19,18.6,7,82,Active,3.19,22,18.0,6,82,61,3.32,72,Khá,Giỏi
487,Active,3.78,17,19.2,4,74,Active,3.25,18,19.1,3,63,Active,3.33,21,16.9,8,90,56,3.44,76,Khá,Giỏi
488,Active,3.62,18,20.9,7,84,Active,3.1,15,23.4,1,57,Active,2.81,21,22.6,1,57,54,3.16,66,Khá,Khá
489,Active,3.04,15,17.5,10,93,Active,3.2,21,22.1,7,83,Active,3.62,18,25.6,3,69,54,3.3,82,Tốt,Giỏi
490,Active,3.31,19,28.5,1,61,Active,3.49,21,27.1,7,81,Active,3.51,17,26.3,6,81,57,3.44,74,Khá,Giỏi
491,Active,3.41,22,26.1,3,66,Active,3.42,18,26.3,9,93,Active,3.43,15,24.6,0,56,55,3.42,72,Khá,Giỏi
492,Active,3.63,19,28.1,6,83,Active,3.72,19,27.3,3,71,Active,3.52,22,23.8,1,61,60,3.62,72,Khá,Xuất sắc
493,Active,3.84,15,26.9,2,63,Active,4.0,20,24.3,2,64,Active,4.0,20,21.9,8,84,55,3.96,70,Khá,Xuất sắc
494,Active,3.44,20,18.9,4,69,Active,4.0,17,23.0,1,55,Active,3.91,22,25.9,9,95,59,3.78,73,Khá,Xuất sắc
495,Active,3.69,19,22.0,7,80,Active,3.51,22,24.6,8,89,Active,3.15,19,25.5,6,75,60,3.45,81,Tốt,Giỏi
496,Active,3.54,21,25.0,9,88,Active,3.5,19,25.9,0,53,Active,3.21,19,20.1,9,87,59,3.42,76,Khá,Giỏi
497,Active,3.53,17,19.0,2,61,Active,3.62,22,24.3,6,79,Active,3.32,15,27.3,6,77,54,3.51,72,Khá,Giỏi
498,Active,3.67,18,26.3,3,64,Active,4.0,16,27.4,4,70,Active,3.89,15,27.4,5,73,49,3.85,69,Khá,Xuất sắc
499,Active,3.66,15,22.9,8,86,Active,3.99,21,24.8,7,83,Active,4.0,19,28.4,2,59,55,3.9,76,Khá,Xuất sắc
500,Active,3.27,18,21.0,6,76,Active,3.57,18,24.9,3,67,Active,3.46,20,20.6,9,93,56,3.43,79,Khá,Giỏi
